player_id,season,player_name,leaf_rating,leaf_uncertainty,games_played,attempts,raw_epa
00-0019596,2016,T.Brady,0.2003141870759879,0.0719233491493101,15,601.0,0.31338647
00-0019596,2017,T.Brady,0.14467605737608005,0.06736057448056706,34,761.0,0.24744985
00-0019596,2018,T.Brady,0.0674838824715541,0.06721941938064241,53,718.0,0.1430714
00-0019596,2019,T.Brady,-0.05363256275491621,0.06721497770948108,70,679.0,0.04900125
00-0019596,2020,T.Brady,0.14530103453236742,0.0672147696389164,90,777.0,0.23732433
00-0019596,2021,T.Brady,0.05878887210628382,0.06721476412168795,109,840.0,0.17188795
00-0019596,2022,T.Brady,-0.0023412799681835385,0.06721476394652195,127,831.0,0.08707269
00-0020531,2016,D.Brees,0.06338458500158553,0.07820838294510325,16,702.0,0.1641117
00-0020531,2017,D.Brees,0.08057902885085971,0.07129934424806121,34,632.0,0.20893139
00-0020531,2018,D.Brees,0.12080734014553697,0.0708220692845905,51,590.0,0.29267573
00-0020531,2019,D.Brees,0.0689427192506993,0.07078563678682852,63,427.0,0.15689868
00-0020531,2020,D.Brees,0.024614728186832427,0.07077890184469707,77,477.0,0.13459976
00-0020679,2016,S.Hill,-1.1930141437474766,0.08770330050745664,3,36.0,-1.0137773
00-0021206,2016,J.McCown,-0.26688114740107716,0.1569409049332891,5,184.0,-0.23040223
00-0021206,2017,J.McCown,-0.1076021489132869,0.09621566180521603,18,437.0,0.007910518
00-0021206,2018,J.McCown,-0.2008612773732809,0.09204702679330228,22,117.0,-0.4160347
00-0021206,2019,J.McCown,-0.17583791153578548,0.09064853497246819,24,35.0,0.044009924
00-0021429,2016,C.Palmer,-0.009333912097407148,0.06633236546517232,15,641.0,0.07687404
00-0021429,2017,C.Palmer,-0.027650658596481796,0.06310606012193513,22,290.0,-0.0029231224
00-0021678,2016,T.Romo,0.8264736666643698,0.14916330304908842,1,4.0,0.92650104
00-0022787,2016,M.Schaub,0.32234781066278306,0.6545726335961296,2,3.0,0.47272503
00-0022787,2018,M.Schaub,0.143741200823169,0.5548316995302637,3,7.0,-0.34807262
00-0022787,2019,M.Schaub,0.3183632518161307,0.40920505704218524,6,72.0,0.5072048
00-0022803,2016,E.Manning,-0.11315989099167194,0.07667697667895441,17,665.0,-0.009052132
00-0022803,2017,E.Manning,-0.18113908680444482,0.07101516228776263,32,607.0,-0.1213467
00-0022803,2018,E.Manning,-0.04831105969204455,0.07038678942350887,48,628.0,0.088321656
00-0022803,2019,E.Manning,-0.057198920325842964,0.07035672615664956,52,152.0,-0.036271036
00-0022824,2019,A.Lee,4.321320101953121,0.14916330304908842,1,1.0,4.2406874
00-0022824,2020,A.Lee,4.227560555103518,0.10624169930569174,2,1.0,4.0140114
00-0022824,2021,A.Lee,2.4293298971506028,0.08770330050745664,3,1.0,-0.947
00-0022824,2022,A.Lee,2.5577623306617148,0.07714586868743051,4,1.0,2.864477
00-0022921,2016,L.Fitzgerald,-0.7132844803033195,0.14916330304908842,1,1.0,-0.5623793
00-0022921,2017,L.Fitzgerald,0.14720685936406863,0.10624169930569174,2,1.0,1.241254
00-0022921,2018,L.Fitzgerald,1.1282369028608372,0.08770330050745664,3,1.0,3.0880427
00-0022924,2016,B.Roethlisberger,0.03585299536570019,0.0745139129156114,17,634.0,0.16476919
00-0022924,2017,B.Roethlisberger,0.09761647856073785,0.07045688212720191,33,646.0,0.17379865
00-0022924,2018,B.Roethlisberger,0.10844938021941875,0.07018242128650212,49,704.0,0.2453262
00-0022924,2019,B.Roethlisberger,0.04012206573406991,0.07017661295321376,51,64.0,-0.2427102
00-0022924,2020,B.Roethlisberger,-0.025550822617761426,0.07016294224585544,67,696.0,0.097216524
00-0022924,2021,B.Roethlisberger,-0.08743601044148307,0.07016197948517379,84,694.0,-0.05321499
00-0022942,2016,P.Rivers,0.007773202053216125,0.07420403004953956,16,616.0,0.10361366
00-0022942,2017,P.Rivers,0.07724445075389301,0.0683599984823537,32,594.0,0.20157981
00-0022942,2018,P.Rivers,0.09216015801426848,0.06785392350621744,50,636.0,0.2471714
00-0022942,2019,P.Rivers,0.09604086842672097,0.0678218625486178,66,626.0,0.15192467
00-0022942,2020,P.Rivers,0.11019726127464766,0.06781899352463859,83,611.0,0.20638074
00-0023436,2016,A.Smith,0.03359456362992312,0.08569346933895972,16,555.0,0.11758521
00-0023436,2017,A.Smith,0.03850844063863611,0.08095798507313122,32,578.0,0.16016471
00-0023436,2018,A.Smith,-0.05088298391313027,0.08071691666471868,42,351.0,0.0026845573
00-0023436,2020,A.Smith,-0.1826242927214158,0.08067928082667912,50,274.0,-0.21831858
00-0023459,2016,A.Rodgers,0.1447898501753433,0.08038746172552626,19,785.0,0.23062724
00-0023459,2017,A.Rodgers,0.03231886922021404,0.07761055893636687,26,262.0,0.044859916
00-0023459,2018,A.Rodgers,-0.04417196541139242,0.0763476541104086,42,649.0,0.036856014
00-0023459,2019,A.Rodgers,0.020019193155261565,0.07624074261050963,60,679.0,0.13314167
00-0023459,2020,A.Rodgers,0.2094882296295654,0.07623421592482342,78,637.0,0.3536964
00-0023459,2021,Aa.Rodgers,0.15249822212630257,0.07623382158793697,95,596.0,0.2107587
00-0023459,2022,A.Rodgers,-0.005528825302465833,0.07623379345085388,112,577.0,0.014388048
00-0023459,2023,A.Rodgers,-0.08214649770244772,0.07623379313987691,113,2.0,-1.01598
00-0023459,2024,A.Rodgers,-0.08140374942874727,0.07623379142099727,130,627.0,0.022711942
00-0023459,2025,A.Rodgers,-0.05083924475699036,0.07623379132705363,138,260.0,0.10870059
00-0023534,2019,D.Colquitt,-1.5568578098594859,0.10624169930569174,2,2.0,-1.6261455
00-0023645,2016,D.Anderson,-0.905398258916689,0.6406986545735057,4,54.0,-1.4118656
00-0023645,2017,D.Anderson,-0.8876922115513693,0.5348163862104915,7,9.0,-0.8876291
00-0023645,2018,D.Anderson,-0.8322587478193021,0.4884464479756112,9,75.0,-0.5334588
00-0023662,2016,M.Cassel,-0.41337806992846765,0.3116635776061113,3,56.0,-0.454954
00-0023662,2017,M.Cassel,-0.6749258904136326,0.2470553239874693,5,50.0,-1.1414294
00-0023662,2018,M.Cassel,-0.7654714588899175,0.2117132157253425,7,18.0,-1.0000567
00-0023682,2016,R.Fitzpatrick,-0.1511596577006741,0.1227856989559492,14,422.0,-0.08650418
00-0023682,2017,R.Fitzpatrick,-0.18176517290710786,0.10926376547656612,20,172.0,-0.15693325
00-0023682,2018,R.Fitzpatrick,-0.07512080061131997,0.10103184626422489,28,261.0,0.2500166
00-0023682,2019,R.Fitzpatrick,-0.031436601606699505,0.09596335088007195,43,546.0,0.081563696
00-0023682,2020,R.Fitzpatrick,0.024275545372680153,0.09507857887153544,52,283.0,0.2313806
00-0023682,2021,R.Fitzpatrick,-0.007245419449352732,0.09501980259096139,53,7.0,-0.6106605
00-0023742,2016,J.Ryan,-1.4262383963482799,0.14916330304908842,1,1.0,-1.156726
00-0023742,2017,J.Ryan,-1.8774921051451354,0.10624169930569174,2,1.0,-2.3591394
00-0023853,2018,M.Prater,4.092678585358686,0.14916330304908842,1,1.0,4.0709276
00-0024226,2016,J.Cutler,-0.2144329200028876,0.1413235898668199,5,154.0,-0.20229897
00-0024226,2017,J.Cutler,-0.19442090835971507,0.08523581870002755,19,449.0,-0.12471742
00-0024264,2016,K.Clemens,-1.1108733015207575,0.14916330304908842,1,1.0,-0.9599703
00-0024264,2017,K.Clemens,-1.7170864644065906,0.08770330050745664,3,8.0,-1.8116153
00-0024296,2016,C.Whitehurst,0.006038933454771215,0.14916330304908842,1,27.0,0.0572319
00-0024417,2017,S.Koch,1.1214087022559094,1.2406946846198168,2,2.0,4.7125435
00-0024417,2018,S.Koch,1.4758175379363494,1.1765573068673238,3,1.0,4.4907236
00-0024417,2019,S.Koch,1.0975058679701066,1.1220033252118973,4,1.0,-2.6248016
00-0024417,2020,S.Koch,1.2874735735966427,1.0749391480316486,5,1.0,3.3933275
00-0024417,2021,S.Koch,0.9620482820115497,1.0338623836353025,6,1.0,-2.7787173
00-0025430,2016,D.Stanton,-0.23149216887390608,0.18910351271929324,5,49.0,-0.117820784
00-0025430,2017,D.Stanton,-0.23098476379572164,0.1382685738241832,10,166.0,-0.1934211
00-0025708,2016,M.Moore,0.24011596619864323,0.1552704435187758,5,130.0,0.2977299
00-0025708,2017,M.Moore,0.09248912045054478,0.12034418685691263,9,139.0,-0.04615428
00-0025708,2019,M.Moore,0.034486909577237476,0.1053370331761597,13,99.0,-0.045855723
00-0025825,2016,B.Kern,-0.20574793578147277,1.2540864193367125,1,1.0,-0.947
00-0025825,2019,B.Kern,0.6742556482233983,0.9804078646384905,4,3.0,1.8128109
00-0025825,2020,B.Kern,0.2433102017130006,0.8743675973000622,6,2.0,-1.4116644
00-0026035,2017,D.Amendola,0.06267349322214355,0.8412011031630564,2,2.0,0.11859691
00-0026035,2018,D.Amendola,0.658463851375197,0.7315275986726684,3,1.0,2.5017896
00-0026035,2019,D.Amendola,0.8975136374315522,0.6560875147517305,4,1.0,1.9585356
00-0026035,2021,D.Amendola,0.6524033093543207,0.6001650143126978,5,1.0,-0.36169755
00-0026143,2016,M.Ryan,0.23413547116703123,0.07386099013275596,19,681.0,0.3384665
00-0026143,2017,M.Ryan,0.08482496832039349,0.07015911516644173,37,625.0,0.1343956
00-0026143,2018,M.Ryan,0.05833559656576357,0.06993792412554185,53,656.0,0.18496566
00-0026143,2019,M.Ryan,-0.00839023358374958,0.06991933745252138,68,669.0,0.053330768
00-0026143,2020,M.Ryan,-0.0005805987966613982,0.06991745546184536,84,670.0,0.10391887
00-0026143,2021,M.Ryan,-0.0784724899528691,0.06991729242755952,101,602.0,-0.0111592775
00-0026143,2022,M.Ryan,-0.12416861827918417,0.06991728156907749,113,503.0,-0.06861379
00-0026158,2016,J.Flacco,-0.16516676032278899,0.10578162491642217,16,710.0,-0.03432352
00-0026158,2017,J.Flacco,-0.17298010452640994,0.09080584701027003,32,577.0,-0.08836848
00-0026158,2018,J.Flacco,-0.12016467096341593,0.0888954103060514,41,397.0,0.066714
00-0026158,2019,J.Flacco,-0.13051783188056335,0.08821332036670064,49,289.0,-0.08996257
00-0026158,2020,J.Flacco,-0.12375723996005872,0.08800231884034679,54,141.0,-0.088234074
00-0026158,2021,J.Flacco,-0.024758143440528818,0.08794446112237483,56,44.0,0.9045596
00-0026158,2022,J.Flacco,-0.12660687721907457,0.08784332864063382,61,201.0,-0.41349593
00-0026158,2023,J.Flacco,-0.11541433323112615,0.08777482983715333,67,263.0,-0.041528042
00-0026158,2024,J.Flacco,-0.10922165855017282,0.0877341584898795,74,267.0,0.0020098314
00-0026158,2025,J.Flacco,-0.12175930219733284,0.08771283035971994,82,351.0,-0.06375496
00-0026197,2017,C.Henne,-1.0697633843481444,0.6316442663032563,1,2.0,-1.0708737
00-0026197,2018,C.Henne,-0.6155334342358505,0.4709005759739285,2,3.0,0.125652
00-0026197,2020,C.Henne,-0.08793657959084124,0.28385765789220396,6,49.0,0.20694013
00-0026197,2021,C.Henne,-0.04674620427067484,0.26408526001454213,7,16.0,0.25299904
00-0026197,2022,C.Henne,-0.13922270321776006,0.23496607429290936,9,9.0,-0.27952474
00-0026300,2018,J.Johnson,-0.05523588692813136,0.3064859079862876,4,102.0,-0.03468816
00-0026300,2021,J.Johnson,-0.0499112856498069,0.23830481865080383,7,88.0,0.116175026
00-0026300,2022,J.Johnson,-0.09176522318879732,0.21307055334313943,9,17.0,-0.27648115
00-0026300,2024,J.Johnson,-0.2629060841676596,0.18824816659751498,12,4.0,-0.732454
00-0026498,2016,M.Stafford,-0.008671276266658041,0.07805985719808627,17,668.0,0.10202137
00-0026498,2017,M.Stafford,0.0034688326740514586,0.07209919060819886,33,615.0,0.08751647
00-0026498,2018,M.Stafford,-0.04243019164342732,0.07152603891646132,49,598.0,0.039122865
00-0026498,2019,M.Stafford,0.03838513349249026,0.07148249709122519,57,310.0,0.2159065
00-0026498,2020,M.Stafford,0.012482221302800717,0.07146433058926965,73,570.0,0.077399775
00-0026498,2021,M.Stafford,0.08904499008077987,0.07146240162565166,94,781.0,0.25219625
00-0026498,2022,M.Stafford,-0.018302797493452712,0.07146232954747195,103,332.0,-0.0149658425
00-0026498,2023,M.Stafford,0.015965540537807667,0.0714623050112823,119,592.0,0.12067407
00-0026498,2024,M.Stafford,0.020277948243043138,0.07146230247791983,137,625.0,0.07970714
00-0026498,2025,M.Stafford,0.059182921979179355,0.07146230233686765,145,287.0,0.21156606
00-0026516,2020,B.Colquitt,-0.9402170039188944,0.14916330304908842,1,1.0,-0.947
00-0026544,2016,C.Daniel,1.0611142797160134,0.4871232436887564,1,1.0,1.5969058
00-0026544,2018,C.Daniel,0.3373585697333691,0.30713397831922346,3,86.0,-0.06491457
00-0026544,2019,C.Daniel,0.061724438379140184,0.2241204007086769,6,71.0,-0.16931571
00-0026544,2020,C.Daniel,-0.027074668625025958,0.17847105926572118,10,46.0,-0.1465424
00-0026544,2022,C.Daniel,0.005370290215544374,0.1599955165583775,13,14.0,0.10610277
00-0026625,2016,B.Hoyer,0.03397077937034101,0.33682337136018303,6,204.0,0.11458534
00-0026625,2017,B.Hoyer,-0.14465947982967295,0.2444175280032189,14,228.0,-0.2391129
00-0026625,2018,B.Hoyer,-0.30498958283574207,0.23295646920443622,16,2.0,-1.5009689
00-0026625,2019,B.Hoyer,-0.32312574967140983,0.22368565896779422,18,71.0,-0.372621
00-0026625,2020,B.Hoyer,-0.32566464241567183,0.2197028003511622,19,26.0,-0.3556787
00-0026625,2021,B.Hoyer,-0.023767318407253865,0.2097938604622324,22,11.0,1.9538059
00-0026625,2022,B.Hoyer,-0.04096004211935663,0.20705124889401946,23,7.0,-0.30378914
00-0026625,2023,B.Hoyer,-0.0473371790145511,0.20224024128400037,25,43.0,0.032567024
00-0026898,2016,M.Sanchez,0.5231918753209492,0.10624169930569174,2,21.0,0.55748564
00-0026898,2018,M.Sanchez,-0.14854186770751926,0.07714586868743051,4,42.0,-0.794519
00-0026995,2016,J.Maclin,-0.6455728864063066,0.14916330304908842,1,1.0,-0.4345991
00-0027114,2023,T.Morstead,2.7383329786663633,0.14916330304908842,1,1.0,2.6709
00-0027145,2016,P.McAfee,5.036514517496981,0.14916330304908842,1,1.0,5.036462
00-0027150,2016,J.Edelman,-0.5513965441439947,1.1684368349161525,1,1.0,-1.854492
00-0027150,2018,J.Edelman,0.2684425389318712,0.9149695347785596,3,2.0,1.5876026
00-0027150,2019,J.Edelman,0.9763902469102618,0.7778877218102962,5,2.0,2.7680333
00-0027150,2020,J.Edelman,1.0652538371801765,0.729391891609925,6,2.0,1.7221525
00-0027685,2018,E.Sanders,2.2065003731918997,0.14916330304908842,1,1.0,2.5614738
00-0027685,2019,E.Sanders,2.6893261713311594,0.10624169930569174,2,1.0,3.320115
00-0027688,2018,C.McCoy,-0.009765343920484115,0.21690495947154084,3,60.0,-0.046143573
00-0027688,2019,C.McCoy,-0.20156566104395915,0.1894607770699285,4,33.0,-0.66716397
00-0027688,2020,C.McCoy,-0.26674349689470817,0.13780702037150386,8,72.0,-0.2700292
00-0027688,2021,C.McCoy,-0.1837456120863813,0.11642947974858127,12,105.0,0.04747863
00-0027688,2022,C.McCoy,-0.20692092342784763,0.10509687006703743,16,145.0,-0.21033971
00-0027690,2017,E.Decker,-0.8384883554534894,0.14916330304908842,1,1.0,-0.83500266
00-0027793,2018,A.Brown,-0.4668126657649996,0.14916330304908842,1,1.0,-0.45709214
00-0027796,2017,J.Webb,-0.7393088401551489,0.10624169930569174,2,7.0,-0.6867726
00-0027854,2016,S.Bradford,-0.0011481214429224576,0.09143550941261523,15,590.0,0.07730737
00-0027854,2017,S.Bradford,-0.01802511518076729,0.08880092760536132,17,48.0,0.050264657
00-0027854,2018,S.Bradford,-0.10811212298430753,0.08612117348263526,20,87.0,-0.35166228
00-0027891,2017,G.Tate,1.017873865438419,0.14916330304908842,1,1.0,1.053
00-0027891,2020,G.Tate,0.8353318649832291,0.08770330050745664,3,2.0,0.93269914
00-0027902,2016,D.Bryant,1.6665105064508272,0.14916330304908842,1,1.0,1.7572321
00-0027939,2016,C.Newton,-0.1361232240915149,0.08515996835258395,15,550.0,-0.045356486
00-0027939,2017,C.Newton,-0.09604216209413177,0.07748071158420568,32,573.0,0.009556137
00-0027939,2018,C.Newton,-0.061257782963038604,0.07696504121619871,46,504.0,0.07331234
00-0027939,2019,C.Newton,-0.06689400182860293,0.07694702722674136,48,95.0,-0.06975732
00-0027939,2020,C.Newton,-0.16512524293487124,0.0769018131215579,63,400.0,-0.109130956
00-0027939,2021,C.Newton,-0.2580783698983863,0.07689877352105443,69,137.0,-0.3052926
00-0027948,2016,B.Gabbert,-0.24761861941535046,0.20008883007512226,6,171.0,-0.21116006
00-0027948,2017,B.Gabbert,-0.2898468587085536,0.1546532429867725,11,195.0,-0.26185483
00-0027948,2018,B.Gabbert,-0.2855748943187105,0.13166301971174815,17,106.0,-0.2239256
00-0027948,2020,B.Gabbert,-0.29937265536774027,0.12712420317299397,19,17.0,-0.24266404
00-0027948,2021,B.Gabbert,-0.32619129375417577,0.11935771596660352,24,12.0,-0.20358536
00-0027948,2022,B.Gabbert,-0.3069665778271637,0.11824130377770442,25,8.0,0.026905507
00-0027948,2023,B.Gabbert,-0.374638904018533,0.11632456477226596,27,36.0,-0.8228181
00-0027973,2016,A.Dalton,0.03434698460643631,0.10250624663183411,16,604.0,0.12044322
00-0027973,2017,A.Dalton,-0.06002953001697423,0.08769577673953864,32,535.0,-0.065893754
00-0027973,2018,A.Dalton,-0.05548275644757554,0.0855384356962497,43,387.0,0.034978665
00-0027973,2019,A.Dalton,-0.07203299387667295,0.08479588624656682,56,567.0,-0.03863913
00-0027973,2020,A.Dalton,-0.1036150768778251,0.08461832898652971,67,357.0,-0.028415203
00-0027973,2021,A.Dalton,-0.056797766560783794,0.08457111049847178,75,257.0,0.15401982
00-0027973,2022,A.Dalton,-0.05279111117482824,0.08454298871771086,89,404.0,0.04107506
00-0027973,2023,A.Dalton,-0.04864332799676237,0.0845421376714729,90,61.0,0.074562766
00-0027973,2024,A.Dalton,-0.14608142713476285,0.08453852341465012,96,168.0,-0.2803171
00-0027973,2025,A.Dalton,-0.09187719360379322,0.08453740085150382,99,45.0,0.29937008
00-0027974,2016,C.Kaepernick,-0.16801457164073658,0.13022920680803304,11,367.0,-0.11319165
00-0027994,2017,S.Vereen,-4.01116345352,0.14916330304908842,1,1.0,-4.0465026
00-0028002,2017,R.Cobb,0.6535373123304391,0.14916330304908842,1,1.0,0.6066525
00-0028002,2019,R.Cobb,0.05093557843824348,0.10624169930569174,2,1.0,-0.39894006
00-0028002,2020,R.Cobb,-0.2234156591996439,0.08770330050745664,3,1.0,-0.5173711
00-0028009,2016,D.Murray,0.7864340174707547,0.10624169930569174,2,2.0,0.92245173
00-0028012,2016,R.Mallett,-0.7489956071193169,0.31652101097036334,3,6.0,-0.635984
00-0028012,2017,R.Mallett,-0.5327875102232542,0.2484402066660003,5,17.0,-0.10834651
00-0028064,2019,B.Powell,-0.8555732878948324,0.14916330304908842,1,1.0,-0.5224095
00-0028090,2017,T.Yates,-0.32361268217066386,0.07705273822528881,4,111.0,-0.2691311
00-0028118,2016,T.Taylor,-0.03277644901176351,0.15371356848094872,15,479.0,0.06612771
00-0028118,2017,T.Taylor,-0.09711672072950045,0.12463361137709646,31,505.0,-0.029710472
00-0028118,2018,T.Taylor,0.006997431944215926,0.12207586910989554,35,98.0,0.39355612
00-0028118,2019,T.Taylor,0.060894840790257566,0.1210984497044109,37,6.0,0.8111648
00-0028118,2020,T.Taylor,0.04574175284221059,0.120670134799088,38,32.0,-0.00597604
00-0028118,2021,Ty.Taylor,-0.004125598168192402,0.11875018566875309,44,163.0,-0.030343795
00-0028118,2022,T.Taylor,-0.02818200204202726,0.11830034343190204,46,12.0,-0.2657355
00-0028118,2023,T.Taylor,-0.0770874266684121,0.11690859017772846,56,198.0,-0.14312997
00-0028118,2024,T.Taylor,-0.033890377410977494,0.11674539716018861,58,25.0,0.40073794
00-0028118,2025,T.Taylor,-0.028130902153198876,0.11654664330102198,61,78.0,0.015800744
00-0028434,2016,D.Baldwin,1.9924095756145705,0.14916330304908842,1,1.0,2.0046005
00-0028595,2016,S.Tolzien,0.27756904350571865,0.10624169930569174,2,40.0,0.4546184
00-0028595,2017,S.Tolzien,-0.13655079510674267,0.08770330050745664,3,22.0,-1.0279822
00-0028664,2020,C.Jones,-3.221358569781852,0.14916330304908842,1,1.0,-3.3216047
00-0028825,2016,T.Pryor,-0.6193833199935174,0.08770330050745664,3,10.0,-0.47149464
00-0028872,2016,J.Hekker,-0.025054897222967,1.1713434509676877,2,2.0,-0.16816974
00-0028872,2017,J.Hekker,-0.13648667531992054,0.9696887884919225,5,3.0,-0.4179976
00-0028872,2018,J.Hekker,0.1816639037008884,0.7916477350479831,10,5.0,0.6800467
00-0028872,2019,J.Hekker,0.34021936678051623,0.7264249307881233,13,3.0,1.0816534
00-0028872,2021,J.Hekker,0.10147355393367431,0.6925415853238979,15,2.0,-1.7645458
00-0028872,2023,J.Hekker,-0.009255059833730095,0.6777632500088814,16,1.0,-1.9410884
00-0028872,2024,J.Hekker,-0.2817148392498047,0.651718405263548,18,2.0,-2.8560174
00-0028954,2017,R.Golden,4.725226081527728,0.14916330304908842,1,1.0,4.970928
00-0028986,2016,C.Keenum,-0.20312618361725,0.11288119491680962,10,345.0,-0.13546322
00-0028986,2017,C.Keenum,-0.049602492049047466,0.0966243096156463,27,595.0,0.112171814
00-0028986,2018,C.Keenum,-0.04908970108262398,0.09595852963212768,43,622.0,-0.02850829
00-0028986,2019,C.Keenum,-0.1145874233706686,0.09592800171941022,52,264.0,-0.058914702
00-0028986,2020,C.Keenum,-0.141873987472504,0.09592677980717977,53,10.0,-0.4156521
00-0028986,2021,C.Keenum,-0.22460012167486387,0.09592361766084016,57,77.0,-0.41215706
00-0028986,2022,C.Keenum,-0.37384915480059155,0.09592271810045179,59,7.0,-0.8625984
00-0028986,2023,C.Keenum,-0.4018810672301263,0.09592209358296111,61,59.0,-0.48541975
00-0029000,2016,C.Beasley,-0.9183510185055904,0.14916330304908842,1,1.0,-1.1910356
00-0029000,2018,C.Beasley,-0.7548043421005606,0.10624169930569174,2,1.0,-0.48140335
00-0029000,2020,C.Beasley,0.4787262763864333,0.08770330050745664,3,1.0,2.913771
00-0029000,2021,C.Beasley,0.15827400584586865,0.07714586868743051,4,1.0,-0.47759083
00-0029263,2016,R.Wilson,0.025403963285080502,0.08698187169221074,18,655.0,0.113647304
00-0029263,2017,R.Wilson,-0.021692111700299964,0.08096841987663109,34,601.0,0.040677734
00-0029263,2018,R.Wilson,0.039376566156904234,0.08035081196092506,51,507.0,0.16559307
00-0029263,2019,R.Wilson,0.11531290206699749,0.0802938416543067,69,634.0,0.19961911
00-0029263,2020,R.Wilson,0.002655765625276467,0.08028937878467392,86,639.0,0.10686641
00-0029263,2021,R.Wilson,0.002461459170163622,0.08028899245101363,100,435.0,0.05550628
00-0029263,2022,R.Wilson,-0.08630776572827728,0.08028893744581973,115,539.0,-0.09540055
00-0029263,2023,R.Wilson,-0.08146490175112812,0.08028893078411885,130,495.0,-0.040365323
00-0029263,2024,R.Wilson,-0.07232393540352447,0.0802889300357218,142,403.0,0.022190904
00-0029263,2025,R.Wilson,-0.25838115839570713,0.08028892995004246,147,120.0,-0.6384953
00-0029269,2016,T.Benjamin,-0.7015052845164244,0.14916330304908842,1,1.0,-0.5070287
00-0029304,2017,B.Nortman,1.732640296896608,0.14916330304908842,1,2.0,1.7731962
00-0029493,2017,R.Quigley,-2.616187500993823,0.14916330304908842,1,1.0,-2.6640027
00-0029567,2016,N.Foles,-0.16509986849841646,0.3101606310198796,2,59.0,-0.052834406
00-0029567,2017,N.Foles,-0.14540853283288888,0.15017360239255195,11,216.0,-0.0621602
00-0029567,2018,N.Foles,-0.09285284481265942,0.12606686316754803,18,277.0,0.06341285
00-0029567,2019,N.Foles,-0.0965850811190384,0.11927973290292916,22,128.0,-0.08208974
00-0029567,2020,N.Foles,-0.16592148401711773,0.11154548126995546,31,331.0,-0.19089927
00-0029567,2021,N.Foles,-0.14433921824789214,0.1110538511466897,32,40.0,0.13847956
00-0029567,2022,N.Foles,-0.20040243922426074,0.110208745861435,34,50.0,-0.6810729
00-0029597,2016,J.Tucker,-2.886084473801851,0.14916330304908842,1,1.0,-2.8866334
00-0029604,2016,K.Cousins,0.06840509335379627,0.0881600867984976,16,631.0,0.17784177
00-0029604,2017,K.Cousins,-0.011175999464771533,0.07904952507275795,32,581.0,0.052842382
00-0029604,2018,K.Cousins,-0.0910930986258201,0.07799582981681591,48,651.0,-0.015900616
00-0029604,2019,K.Cousins,0.016040317943193404,0.07786467542353082,65,543.0,0.2023434
00-0029604,2020,K.Cousins,0.08623792994595522,0.07785074696324099,81,562.0,0.1962361
00-0029604,2021,K.Cousins,0.029122610513913648,0.07784903058613678,97,592.0,0.1076033
00-0029604,2022,K.Cousins,-0.0067758131676872845,0.07784881221675434,115,732.0,0.052067313
00-0029604,2023,K.Cousins,0.003723457273505988,0.07784879736497108,123,328.0,0.07954934
00-0029604,2024,K.Cousins,-0.03884383517823231,0.07784879061704152,137,482.0,0.026076972
00-0029604,2025,K.Cousins,-0.07958188085652616,0.07784879032085056,139,39.0,-0.30907747
00-0029623,2019,A.Tanney,-0.027151176232800667,0.14916330304908842,1,1.0,-0.04524401
00-0029632,2017,M.Sanu,4.359708439350729,0.14916330304908842,1,1.0,4.458068
00-0029632,2018,M.Sanu,1.784286729906635,0.08770330050745664,3,2.0,0.46885175
00-0029664,2019,J.Gordon,-3.156516976023085,0.14916330304908842,1,1.0,-2.8734639
00-0029665,2016,R.Griffin,-0.15471112552052402,0.3108679630701274,5,169.0,-0.15513498
00-0029665,2018,R.Griffin III,-0.09207181187033897,0.26899287354005064,7,6.0,-0.05386825
00-0029665,2019,R.Griffin,-0.0883218088379632,0.21005130966130042,13,43.0,0.14923602
00-0029665,2020,R.Griffin,-0.36887944262862205,0.19579970010411196,16,17.0,-1.2924399
00-0029668,2016,A.Luck,0.06641513556480357,0.0774015190752623,15,589.0,0.1377198
00-0029668,2018,A.Luck,0.061118595174923886,0.07014531912919901,33,731.0,0.17234153
00-0029682,2016,B.Osweiler,-0.24281453411534826,0.1166558021760306,17,605.0,-0.14102389
00-0029682,2017,B.Osweiler,-0.18245752854310812,0.10755618947443132,23,184.0,0.0069551966
00-0029682,2018,B.Osweiler,-0.09591122608763654,0.1024356980061224,30,196.0,0.09361812
00-0029688,2016,D.Poe,2.3815615353661976,0.14916330304908842,1,1.0,2.2973533
00-0029692,2018,B.Anger,-0.5480548344011661,1.270025170088216,1,1.0,-2.9034433
00-0029692,2021,B.Anger,0.18064835132441526,1.1633076203743709,2,1.0,3.8561704
00-0029692,2023,B.Anger,0.28140461341787815,1.079908261056787,3,1.0,1.053
00-0029692,2024,B.Anger,-0.36902058042906877,0.9565080191143545,5,2.0,-2.8435113
00-0029701,2016,R.Tannehill,-0.0018245488911828277,0.09856935401995695,13,420.0,0.039392326
00-0029701,2018,R.Tannehill,-0.15883998580662734,0.08602773836659333,24,309.0,-0.14038591
00-0029701,2019,R.Tannehill,0.015807322494754764,0.0831662686271722,38,383.0,0.17329974
00-0029701,2020,R.Tannehill,0.12072071626768564,0.08271318782018451,55,534.0,0.23688316
00-0029701,2021,R.Tannehill,0.0057212002405938565,0.08266656140014897,73,604.0,0.048487205
00-0029701,2022,R.Tannehill,-0.03349945595163492,0.08266291710169067,85,359.0,0.042693675
00-0029701,2023,R.Tannehill,-0.08951978863561158,0.08266228068868804,94,262.0,-0.106000975
00-0029747,2021,C.Banjo,3.5257659567891757,0.14916330304908842,1,1.0,3.7315283
00-0029857,2019,R.Griffin,-0.20730656776334028,0.14916330304908842,1,4.0,-0.15598038
00-0029878,2017,M.Gray,-0.6365560669248522,0.14916330304908842,1,1.0,-0.36919215
00-0030085,2018,K.Stills,1.1618272522274693,0.14916330304908842,1,1.0,1.2839273
00-0030085,2019,K.Stills,-0.45557561266828106,0.10624169930569174,2,1.0,-2.0305705
00-0030092,2018,S.Martin,-0.8450409187519274,0.14916330304908842,1,1.0,-0.947
00-0030140,2016,T.Way,5.116239720047479,0.14916330304908842,1,1.0,5.162058
00-0030140,2018,T.Way,4.020501180009717,0.10624169930569174,2,1.0,2.7343886
00-0030140,2024,T.Way,4.088819557300169,0.08770330050745664,3,1.0,3.9842155
00-0030151,2017,T.Bray,-0.993170148771565,0.14916330304908842,1,1.0,-1.1561214
00-0030151,2020,T.Bray,-0.5681988856483189,0.10624169930569174,2,5.0,-0.22512221
00-0030279,2018,K.Allen,-0.3157121203105883,1.2671739688120787,1,1.0,-1.5853307
00-0030279,2020,K.Allen,-0.3687122955544507,1.1591259244012704,2,1.0,-0.517419
00-0030279,2021,K.Allen,-0.2428219983435812,1.0072736768293797,4,2.0,0.27977222
00-0030279,2023,K.Allen,0.12895140312188924,0.9038544219728362,6,2.0,1.7574384
00-0030279,2024,K.Allen,-0.43168839233747647,0.8632276035317095,7,1.0,-5.9111633
00-0030288,2021,R.Burkhead,-0.5325490375062014,0.14916330304908842,1,1.0,-0.49312064
00-0030288,2022,R.Burkhead,-0.5990238667944614,0.10624169930569174,2,1.0,-0.4519726
00-0030419,2016,M.McGloin,-0.6214758101119149,0.08770330050745664,3,15.0,-0.63847226
00-0030465,2019,K.Barner,-0.33048484511012743,0.14916330304908842,1,1.0,-0.14810775
00-0030496,2016,L.Bell,-0.7888986944452996,0.14916330304908842,1,1.0,-0.5972102
00-0030506,2017,T.Kelce,-3.0554943285684204,0.14916330304908842,1,1.0,-2.997392
00-0030506,2020,T.Kelce,-0.9908474697026826,0.08770330050745664,3,2.0,0.22654657
00-0030506,2021,T.Kelce,-0.619413602398127,0.07714586868743051,4,1.0,0.70204556
00-0030520,2016,M.Glennon,0.2880273845436862,0.4962631035611588,1,12.0,0.59410137
00-0030520,2017,M.Glennon,-0.044428607741498205,0.288801109432952,5,148.0,-0.19252306
00-0030520,2018,M.Glennon,0.09965124590286314,0.2528743474616934,7,22.0,0.4334845
00-0030520,2019,M.Glennon,0.2002830247479609,0.22944587620938633,9,10.0,0.52301663
00-0030520,2020,M.Glennon,0.05284889607229947,0.19639620609544634,14,191.0,-0.11075258
00-0030520,2021,M.Glennon,-0.215752746662655,0.17800690052097565,20,177.0,-0.63801765
00-0030524,2016,L.Jones,-0.644000772197469,0.3727230234126186,4,90.0,-0.6625495
00-0030524,2017,L.Jones,-0.6158129163155746,0.3124396911944152,6,31.0,-0.5781263
00-0030526,2016,E.Manuel,-0.2485792774499268,0.3058246806656744,5,30.0,-0.16115454
00-0030526,2017,E.Manuel,-0.19627062739878623,0.26106961693109987,7,47.0,-0.07254065
00-0030533,2016,M.Barkley,-0.09187845686029442,0.20029825415605326,7,222.0,-0.060225505
00-0030533,2018,M.Barkley,-0.03488811653953052,0.1887692608824823,8,26.0,0.55201477
00-0030533,2019,M.Barkley,-0.08274119998512985,0.17145600860162524,10,53.0,-0.17829514
00-0030533,2020,M.Barkley,-0.24571440283079626,0.1499580714499845,14,22.0,-0.4739164
00-0030564,2018,D.Hopkins,-0.605628402008947,0.14916330304908842,1,1.0,-0.44559604
00-0030564,2019,D.Hopkins,-2.2367502281897247,0.08770330050745664,3,2.0,-2.7892413
00-0030564,2023,D.Hopkins,-1.7895916102693994,0.07714586868743051,4,1.0,-0.41801506
00-0030565,2016,G.Smith,-0.18163697841980253,0.36338692021652613,2,17.0,-0.22202684
00-0030565,2017,G.Smith,-0.31833364595967256,0.2767595698510708,4,39.0,-0.5075163
00-0030565,2018,G.Smith,-0.8849919028817035,0.2184499819232648,7,5.0,-1.6905371
00-0030565,2020,G.Smith,-0.7994656183996957,0.20641483817187645,8,6.0,0.106465645
00-0030565,2021,G.Smith,-0.5486776114024393,0.17467397484056554,12,108.0,0.032388203
00-0030565,2022,G.Smith,-0.20090528627179702,0.1314697597288291,30,659.0,0.055453252
00-0030565,2023,G.Smith,-0.13231192891178511,0.12451335599009629,45,532.0,0.044114802
00-0030565,2024,G.Smith,-0.09223570167289685,0.12251933217944112,62,631.0,0.024721526
00-0030565,2025,G.Smith,-0.12169831648905587,0.12221782213035105,70,264.0,-0.09573334
00-0030578,2021,C.Patterson,-0.822836845347681,0.14916330304908842,1,1.0,-0.59963995
00-0030663,2016,W.Snead,4.81818685641759,0.14916330304908842,1,1.0,4.872772
00-0030663,2017,W.Snead,1.6302224328921504,0.10624169930569174,2,1.0,-1.5374764
00-0030669,2018,A.Wilson,1.1040692915345465,1.2128844743986096,1,1.0,4.3519764
00-0030669,2019,A.Wilson,0.43821343887454095,0.9824062607970222,3,3.0,-0.6446743
00-0030669,2021,A.Wilson,-0.004523112689042291,0.8485073664020641,5,2.0,-1.0267665
00-0030710,2017,T.Burton,2.9822913530898685,0.14916330304908842,1,1.0,3.1393573
00-0030990,2016,J.Huff,-0.6436347331661714,0.14916330304908842,1,1.0,-0.34571505
00-0031051,2019,J.Brown,2.6040864477506114,0.10624169930569174,2,2.0,2.7713246
00-0031062,2019,J.White,1.9219806597940676,0.14916330304908842,1,1.0,2.000194
00-0031064,2016,T.Savage,-0.43523807141847093,0.3137971526231009,3,78.0,-0.30948776
00-0031064,2017,T.Savage,-0.5255349374176705,0.1755354457114137,11,244.0,-0.45278728
00-0031076,2016,D.Fales,-0.30288106137069515,0.14916330304908842,1,6.0,-0.37643635
00-0031076,2017,D.Fales,-0.5280800463953668,0.08770330050745664,3,45.0,-0.63784856
00-0031076,2019,D.Fales,-0.5677734629735647,0.07714586868743051,4,1.0,-0.84204245
00-0031079,2017,P.O'Donnell,6.28846303912908,0.14916330304908842,1,1.0,6.2935953
00-0031136,2018,C.Boswell,4.11836711718094,0.14916330304908842,1,1.0,3.991391
00-0031136,2021,C.Boswell,0.6394904463371374,0.10624169930569174,2,1.0,-3.0074847
00-0031235,2016,O.Beckham,-0.34633518622148285,1.2228479208980558,1,1.0,-1.2853893
00-0031235,2018,O.Beckham,1.3177692325808137,0.9977519396385941,3,2.0,4.740755
00-0031235,2019,O.Beckham,1.047559394036092,0.8643651653736462,5,2.0,0.45146245
00-0031235,2020,O.Beckham,0.9755656821985027,0.8152617651409957,6,1.0,0.5891707
00-0031235,2021,O.Beckham,1.0803954048820632,0.7738378721584357,7,1.0,2.278347
00-0031237,2017,T.Bridgewater,-1.969479790690832,0.5079148880098907,1,2.0,-3.6744246
00-0031237,2018,T.Bridgewater,-1.4550546015192174,0.3635452049721398,3,25.0,-0.73158336
00-0031237,2019,T.Bridgewater,-0.4826758855121182,0.22863676533869018,10,208.0,0.16083777
00-0031237,2020,T.Bridgewater,-0.20552461382763149,0.17358565223453848,25,525.0,0.04808669
00-0031237,2021,T.Bridgewater,-0.06750477685145573,0.1638450312342119,39,460.0,0.118464775
00-0031237,2022,T.Bridgewater,-0.18058515393046523,0.1626238140894625,44,87.0,-0.43045592
00-0031237,2024,T.Bridgewater,-0.1957463727715061,0.1624450737062733,45,1.0,-0.1319518
00-0031260,2018,L.Thomas,3.69461362105707,0.14916330304908842,1,1.0,3.8066323
00-0031260,2020,L.Thomas,2.646808112106184,0.10624169930569174,2,1.0,1.8633734
00-0031280,2016,D.Carr,0.07522757385990807,0.07975959992443929,15,582.0,0.13821493
00-0031280,2017,D.Carr,0.007028089696660419,0.0717287103625308,30,537.0,0.04618088
00-0031280,2018,D.Carr,-0.03320723528674579,0.07081777483021529,46,605.0,0.0070170313
00-0031280,2019,D.Carr,0.08474422243472893,0.07072478620895715,62,543.0,0.19908185
00-0031280,2020,D.Carr,0.046892463163293575,0.07071523721269955,78,544.0,0.106373265
00-0031280,2021,D.Carr,-0.03494917509658744,0.07071422821607257,96,726.0,0.054804772
00-0031280,2022,D.Carr,-0.023134680545053115,0.07071415367856823,111,532.0,0.045615826
00-0031280,2023,D.Carr,0.0032746655192062435,0.07071414455491767,128,581.0,0.07039234
00-0031280,2024,D.Carr,0.05118611614866455,0.07071414387743374,138,290.0,0.20799646
00-0031288,2017,A.McCarron,-0.0008714777827671938,1.0511227174437192,2,15.0,-0.116066724
00-0031288,2018,A.McCarron,-0.11285672239453483,0.950430243358498,3,4.0,-0.6513077
00-0031288,2019,A.McCarron,-0.3986746855379775,0.8139170225220147,5,42.0,-1.1983117
00-0031288,2020,A.McCarron,-0.4413251038816746,0.72364882060141,7,2.0,-0.6245204
00-0031288,2023,A.McCarron,-0.582168909898878,0.6584331404735535,9,6.0,-1.2023599
00-0031325,2019,S.Watkins,-0.8731889950632674,0.14916330304908842,1,1.0,-0.8703417
00-0031325,2020,S.Watkins,-1.4401914124962216,0.10624169930569174,2,1.0,-1.9586511
00-0031326,2018,B.Ellington,-0.4905295230573414,0.14916330304908842,1,1.0,-0.44012234
00-0031345,2016,J.Garoppolo,-0.4644244141561773,0.19344064326445293,6,66.0,-0.41087
00-0031345,2017,J.Garoppolo,0.0446767498579734,0.14398790511751083,12,186.0,0.62485504
00-0031345,2018,J.Garoppolo,0.03441964465458998,0.1322624784450852,15,103.0,0.0028919529
00-0031345,2019,J.Garoppolo,0.04195624911078112,0.10701330345275344,34,578.0,0.1543645
00-0031345,2020,J.Garoppolo,0.031668326929127175,0.10499117625751088,40,151.0,0.15237285
00-0031345,2021,J.Garoppolo,0.06019162806103144,0.10277572186778655,58,550.0,0.18800326
00-0031345,2022,J.Garoppolo,0.11140466834978972,0.10243737219657476,69,326.0,0.26031163
00-0031345,2023,J.Garoppolo,-0.0019970134751428822,0.10234422144668061,76,184.0,-0.21138656
00-0031345,2024,J.Garoppolo,-0.0021872990128393452,0.10233509799181494,77,45.0,0.04616961
00-0031363,2017,M.Palardy,-2.9699040097804486,0.14916330304908842,1,1.0,-2.962943
00-0031363,2019,M.Palardy,0.519249973867272,0.10624169930569174,2,1.0,3.8044436
00-0031376,2016,J.McKinnon,-0.7940797288774832,0.14916330304908842,1,1.0,-0.48066625
00-0031376,2023,J.McKinnon,-0.020730191849981705,0.10624169930569174,2,1.0,1.1053475
00-0031381,2022,D.Adams,-1.8172604141754884,0.14916330304908842,1,1.0,-1.8045641
00-0031382,2016,J.Landry,-0.1603631496374615,1.2115598221075388,1,1.0,-0.38465524
00-0031382,2017,J.Landry,-0.22879017924435832,1.0777278631519474,2,1.0,-0.42777205
00-0031382,2018,J.Landry,0.3739235632732074,0.8470699052276344,5,3.0,1.540999
00-0031382,2020,J.Landry,0.7949770529065604,0.6930959449512887,9,4.0,1.7901059
00-0031382,2021,J.Landry,0.33908928578156483,0.6668906107541865,10,1.0,-4.6881113
00-0031387,2018,E.Ebron,-1.730885360029796,0.14916330304908842,1,1.0,-1.6242492
00-0031395,2018,G.Gilbert,-0.2140304842293409,0.34382890310996034,1,4.0,-0.0891373
00-0031395,2019,G.Gilbert,-0.3476067576823029,0.20313615640601135,3,3.0,-0.5160194
00-0031395,2020,G.Gilbert,-0.3191757837497376,0.17692207962731096,4,40.0,-0.12899473
00-0031395,2021,G.Gilbert,-0.2648107304679713,0.15914965350739707,5,33.0,-0.08334525
00-0031407,2016,B.Bortles,-0.1320462071588088,0.08803946888045804,16,660.0,-0.07955346
00-0031407,2017,B.Bortles,-0.03311875205880473,0.07893083419360304,35,641.0,0.08441679
00-0031407,2018,B.Bortles,-0.09126138531178511,0.0783277496758498,48,436.0,-0.07391526
00-0031407,2019,B.Bortles,-0.1445971114865591,0.07831173054359072,49,2.0,-0.7143179
00-0031431,2016,M.Lee,2.3959135011431165,0.14916330304908842,1,1.0,2.7149355
00-0031431,2017,M.Lee,0.8751392665094582,0.10624169930569174,2,1.0,-0.3733991
00-0031503,2016,J.Winston,0.0286958159970667,0.178954275614388,16,607.0,0.1169545
00-0031503,2017,J.Winston,0.007972649965858128,0.1494538487310792,29,477.0,0.08084572
00-0031503,2018,J.Winston,0.023039679476072293,0.14102457677328686,40,408.0,0.15083918
00-0031503,2019,J.Winston,0.01043925044964924,0.13675536528354468,56,676.0,0.07580705
00-0031503,2020,J.Winston,0.2393799773592394,0.13639898950270016,59,14.0,2.1463802
00-0031503,2021,J.Winston,0.19405529525127116,0.1358296273565929,66,172.0,0.15806758
00-0031503,2022,J.Winston,0.15899978262384987,0.13566570151913154,69,127.0,-0.03474161
00-0031503,2023,J.Winston,0.02244870474968891,0.13549871258396745,73,49.0,-0.78075594
00-0031503,2024,J.Winston,0.014731268351894169,0.13526768342670042,82,327.0,0.047707208
00-0031543,2021,T.Long,-2.760215647865217,0.14916330304908842,1,1.0,-2.7671607
00-0031544,2022,A.Cooper,-5.2797181079786775,0.14916330304908842,1,1.0,-4.9805026
00-0031549,2018,N.Agholor,1.8898655445603008,0.14916330304908842,1,1.0,1.9314804
00-0031568,2016,B.Petty,-0.4306078340196778,0.17171289834384057,6,146.0,-0.37396944
00-0031568,2017,B.Petty,-0.41537830325090286,0.13721772873174892,10,121.0,-0.4235634
00-0031588,2019,S.Diggs,-1.7754067415223833,0.10624169930569174,2,2.0,-1.6695719
00-0031588,2021,S.Diggs,-1.4752693713177507,0.08770330050745664,3,1.0,-0.8363274
00-0031588,2024,S.Diggs,-0.32973866779421823,0.07714586868743051,4,1.0,2.7629192
00-0031589,2016,B.Hundley,-0.8238305183826548,0.20322112390712838,4,10.0,-0.78830004
00-0031589,2017,B.Hundley,-0.40450968680573596,0.11847218815390115,15,346.0,-0.23952574
00-0031589,2019,B.Hundley,-0.4349038877627099,0.1128273003329389,18,13.0,-0.5102144
00-0031716,2018,M.Darr,-0.8838087224315021,0.14916330304908842,1,1.0,-0.947
00-0031800,2017,T.Heinicke,-0.30599154807779755,0.3855573399094806,1,2.0,-0.52090824
00-0031800,2018,T.Heinicke,-0.20717758871222028,0.18388294336527866,6,59.0,-0.16681798
00-0031800,2020,T.Heinicke,-0.15606375001893816,0.1622819180526419,8,67.0,0.052482817
00-0031800,2021,T.Heinicke,-0.1357166649542396,0.11114208537929217,24,535.0,-0.04937959
00-0031800,2022,T.Heinicke,-0.11605352811441506,0.10543666586371363,33,278.0,-0.036023807
00-0031800,2023,T.Heinicke,-0.1188473687276637,0.10395494155016831,38,144.0,-0.032106988
00-0031800,2024,T.Heinicke,-0.21515875519843475,0.10336948994143753,41,8.0,-0.68001795
00-0031912,2016,C.Meredith,2.1547302980808367,0.14916330304908842,1,1.0,2.0902007
00-0031941,2020,J.Crowder,3.745120240453932,0.14916330304908842,1,1.0,3.8461673
00-0031941,2021,J.Crowder,1.1093572694075753,0.08770330050745664,3,2.0,-0.1489079
00-0031972,2018,D.Jennings,0.9897127576109404,0.14916330304908842,1,1.0,1.2712852
00-0032009,2020,A.Humphries,-0.5915010897435441,0.14916330304908842,1,1.0,-0.4747733
00-0032065,2024,B.Pinion,-1.0766694611362744,0.14916330304908842,1,1.0,-0.947
00-0032156,2016,T.Siemian,-0.011059633256013703,0.08226983855271211,14,518.0,0.051247988
00-0032156,2017,T.Siemian,-0.11038102912593051,0.07740940339902393,25,384.0,-0.08819578
00-0032156,2019,T.Siemian,-0.16283318079604697,0.07729628501169886,26,8.0,-0.6951391
00-0032156,2021,T.Siemian,-0.11532986692978633,0.07693214376569799,32,201.0,-0.023130147
00-0032156,2022,T.Siemian,-0.12689606713454896,0.07687871224772219,34,28.0,-0.18330498
00-0032156,2023,T.Siemian,-0.24306406327873337,0.07680840477433527,39,161.0,-0.377083
00-0032208,2022,P.Dorsett,-0.6590519527361262,0.14916330304908842,1,1.0,-0.5361111
00-0032245,2016,S.Mannion,-1.163825086628551,0.661563278775969,1,6.0,-2.1017163
00-0032245,2017,S.Mannion,-0.9929416534770036,0.4048743426272738,4,40.0,-0.7418752
00-0032245,2018,S.Mannion,-0.7708551496911387,0.3688496174020358,5,3.0,0.41881418
00-0032245,2019,S.Mannion,-0.6993239247100177,0.3413089745595463,6,21.0,-0.19337599
00-0032245,2021,S.Mannion,-0.6406799946282762,0.31943917519714793,7,38.0,-0.28714725
00-0032257,2016,D.Johnson Jr.,-0.6653131178138423,0.14916330304908842,1,1.0,-0.49236056
00-0032268,2016,M.Mariota,0.08080807399469062,0.10893277881028651,15,478.0,0.14322415
00-0032268,2017,M.Mariota,-0.027095592018507253,0.09191269767565173,32,561.0,-0.014580553
00-0032268,2018,M.Mariota,-0.06360763563111553,0.08960366910639093,46,374.0,-0.01831761
00-0032268,2019,M.Mariota,-0.0029242394227531263,0.08922481605523867,54,186.0,0.14884229
00-0032268,2020,M.Mariota,0.016219418808449314,0.08919641835227508,55,28.0,0.30094266
00-0032268,2021,M.Mariota,-0.03298970608420933,0.08914796498317269,57,2.0,-0.3602142
00-0032268,2022,M.Mariota,-0.05059889512416391,0.0889952053780926,70,330.0,0.039187964
00-0032268,2023,M.Mariota,-0.06288453644322405,0.08898542832098164,72,26.0,-0.16147216
00-0032268,2024,M.Mariota,-0.08211677114556104,0.08897416763382739,75,48.0,-0.038400393
00-0032268,2025,M.Mariota,-0.13010548362275443,0.08896379493501239,79,96.0,-0.22886407
00-0032399,2024,M.Killebrew,-2.718864190477882,0.14916330304908842,1,1.0,-2.6777203
00-0032406,2016,A.Morrison,-2.4719923639616557,0.14916330304908842,1,1.0,-2.773735
00-0032431,2017,J.Rudock,-1.3892171484206126,0.14916330304908842,1,5.0,-1.3341095
00-0032434,2019,B.Allen,-0.1912615491949292,0.3987755333347404,3,93.0,-0.22077394
00-0032434,2020,B.Allen,-0.2338825674204394,0.2600705723934106,8,149.0,-0.18331732
00-0032434,2021,B.Allen,-0.192248862384546,0.21082621184155856,13,39.0,-0.08420123
00-0032434,2022,B.Allen,-0.20234732641469383,0.20447458594863366,14,4.0,-0.17206348
00-0032434,2024,B.Allen,-0.31427443976395075,0.19381852044542477,16,32.0,-1.0153637
00-0032436,2018,J.Driskel,0.12610765952570444,0.16147020980421528,8,195.0,0.11564028
00-0032436,2019,J.Driskel,0.039626599862094186,0.142735989404424,11,117.0,-0.05204539
00-0032436,2020,J.Driskel,-0.002894874891546984,0.1348694009251738,13,76.0,-0.18736501
00-0032436,2022,J.Driskel,-0.07029660492607627,0.12337191763218497,18,22.0,-0.035003535
00-0032436,2023,J.Driskel,-0.10228432254576977,0.121934530675777,19,29.0,-0.37783474
00-0032449,2017,L.Edwards,2.6269826522955966,0.14916330304908842,1,1.0,2.4863029
00-0032462,2016,T.Boykin,0.27937403344327133,0.08770330050745664,3,19.0,0.4440626
00-0032475,2016,T.McEvoy,3.110054605935152,0.14916330304908842,1,1.0,3.3772829
00-0032475,2017,T.McEvoy,0.4554021032865152,0.10624169930569174,2,1.0,-2.0763023
00-0032496,2021,M.Farley,3.0176842737525935,0.14916330304908842,1,1.0,3.0622718
00-0032543,2019,A.Erickson,1.7316366085824275,0.14916330304908842,1,1.0,1.7389607
00-0032543,2020,A.Erickson,0.5880054642091963,0.10624169930569174,2,1.0,-0.48907274
00-0032630,2017,J.Callahan,-0.3534487441701917,0.14916330304908842,1,7.0,-0.5077506
00-0032764,2018,D.Henry,0.00931963951870618,0.6427818896388627,3,3.0,0.15398547
00-0032764,2019,D.Henry,0.49493533596186545,0.5718954896383456,4,1.0,2.3090034
00-0032764,2021,D.Henry,0.5660689843273119,0.5204137285901929,5,1.0,1.0320903
00-0032764,2022,D.Henry,0.4994398355128265,0.4808844729579705,6,2.0,0.2332283
00-0032764,2023,D.Henry,0.7566168956674328,0.40167692957689627,9,3.0,1.5074703
00-0032764,2025,D.Henry,0.6377653189862422,0.3831064295812644,10,1.0,-0.4591186
00-0032784,2016,K.Hogan,-0.4817111192925503,0.2291007207438275,2,28.0,-0.29971206
00-0032784,2017,K.Hogan,-0.19384867372653128,0.13695216819767816,6,81.0,0.018352777
00-0032792,2017,N.Sudfeld,-0.26839484071083264,1.0189858508279712,1,26.0,-0.43039387
00-0032792,2018,N.Sudfeld,0.4841933206674877,0.72799014611897,3,2.0,1.3806368
00-0032792,2020,N.Sudfeld,0.3037566507810432,0.6527226682009455,4,14.0,-0.3374922
00-0032792,2022,N.Sudfeld,0.1004592883809968,0.5969883796331154,5,1.0,-0.89872783
00-0032893,2016,C.Cook,-0.37884529215758134,0.10624169930569174,2,72.0,-0.50855964
00-0032943,2016,R.Dixon,0.7427366433648814,1.2556439187742015,1,1.0,3.5305567
00-0032943,2019,R.Dixon,0.43183802422065537,1.141477145238708,2,1.0,-0.947
00-0032943,2020,R.Dixon,0.005591690760962498,1.05396836759706,3,1.0,-2.573928
00-0032943,2021,R.Dixon,-0.3331300679704253,0.9841954489113148,4,1.0,-2.8510377
00-0032943,2022,R.Dixon,0.28652643817122386,0.8788739131272314,6,2.0,2.693377
00-0032943,2024,R.Dixon,0.3838435082739259,0.8022945482306083,8,2.0,0.795999
00-0032950,2016,C.Wentz,-0.11125275544786466,0.08230922748652099,16,643.0,0.019128146
00-0032950,2017,C.Wentz,0.036161372514216084,0.07581864329726051,29,473.0,0.22764999
00-0032950,2018,C.Wentz,0.0004022627316706351,0.07495786613529144,40,433.0,0.092421055
00-0032950,2019,C.Wentz,-0.09004471470295936,0.07476367211955494,57,652.0,0.0040866206
00-0032950,2020,C.Wentz,-0.17884287271059526,0.07474930239750366,69,493.0,-0.17654502
00-0032950,2021,C.Wentz,-0.12277745744187266,0.07474657795359381,86,552.0,0.024327941
00-0032950,2022,C.Wentz,-0.14943779328666282,0.07474640949271578,94,309.0,-0.11145288
00-0032950,2023,C.Wentz,-0.1213551761907645,0.07474639922207356,95,27.0,0.30066124
00-0032950,2024,C.Wentz,-0.05530430184442022,0.07474638270285303,97,23.0,0.2981141
00-0032950,2025,C.Wentz,-0.04985647357221892,0.07474635755230788,102,189.0,0.051146973
00-0032975,2016,J.Williams,-0.38062972637936054,0.14916330304908842,1,1.0,-0.15399846
00-0033009,2018,T.Boyd,-0.11699178813701808,1.2884971442765154,1,1.0,-0.51259434
00-0033009,2020,T.Boyd,-0.05131171115528839,1.1164582062246957,3,2.0,0.36795637
00-0033009,2021,T.Boyd,0.2848177616008817,1.0534836422498381,4,1.0,3.1924436
00-0033009,2022,T.Boyd,0.26095941907866177,0.955317918666663,6,2.0,0.3036443
00-0033009,2023,T.Boyd,-0.34180555305085264,0.9161392812116051,7,1.0,-6.5270686
00-0033009,2024,T.Boyd,-0.35040457923796253,0.8818279230648377,8,1.0,-0.43441603
00-0033040,2017,T.Hill,-5.099557101163441,0.14916330304908842,1,1.0,-5.140323
00-0033045,2021,E.Elliott,-1.0334956784593912,0.14916330304908842,1,1.0,-0.793114
00-0033077,2016,D.Prescott,0.12950794413367558,0.08173693408625794,17,526.0,0.25932476
00-0033077,2017,D.Prescott,-0.0447056091900859,0.07536154985102458,33,525.0,-0.03223538
00-0033077,2018,D.Prescott,-0.022621480358497755,0.07471556913815028,51,651.0,0.035766184
00-0033077,2019,D.Prescott,0.05622863512427828,0.07466705187509527,67,621.0,0.21962903
00-0033077,2020,D.Prescott,0.055696287710274656,0.07466421845833814,72,234.0,0.112554826
00-0033077,2021,D.Prescott,0.05590062901276572,0.07466172396997653,89,679.0,0.16926372
00-0033077,2022,D.Prescott,0.05100128803512757,0.07466151256507031,103,486.0,0.15614022
00-0033077,2023,D.Prescott,0.07636645079599405,0.07466148163036272,121,695.0,0.17217238
00-0033077,2024,D.Prescott,-0.0006725344949490095,0.07466147986394793,129,309.0,-0.03471178
00-0033077,2025,D.Prescott,0.03804307574571131,0.0746614792613763,138,345.0,0.18322003
00-0033098,2016,C.Jones,-0.7043440372805221,0.14916330304908842,1,12.0,-0.6700492
00-0033104,2016,C.Kessler,-0.033110334166415956,0.16614213082531448,9,218.0,0.08505791
00-0033104,2017,C.Kessler,-0.2939613629932291,0.14898786099600472,12,29.0,-0.886782
00-0033104,2018,C.Kessler,-0.3203290998685479,0.1338131115234736,17,153.0,-0.2895142
00-0033106,2016,J.Goff,-0.428573101771703,0.11535085454298809,7,231.0,-0.37941074
00-0033106,2017,J.Goff,-0.01803826630242581,0.08266659526032918,23,550.0,0.20075728
00-0033106,2018,J.Goff,0.0007369999224952142,0.0801910102389086,42,708.0,0.18322252
00-0033106,2019,J.Goff,-1.7475675051528e-05,0.08005422531420459,58,650.0,0.10842297
00-0033106,2020,J.Goff,-0.07011985188577734,0.080041600602189,75,629.0,0.061875787
00-0033106,2021,J.Goff,-0.06404354041365115,0.0800406582304411,89,534.0,-0.030989572
00-0033106,2022,J.Goff,0.04495196169715919,0.08004053652607925,106,611.0,0.15874869
00-0033106,2023,J.Goff,0.06444154567094725,0.08004052668601482,126,758.0,0.15846515
00-0033106,2024,J.Goff,0.14354036342091123,0.08004052620254738,144,613.0,0.29117322
00-0033106,2025,J.Goff,0.12322170954928834,0.08004052617810305,152,258.0,0.23192258
00-0033108,2016,P.Lynch,-0.12210907774623467,0.2547557800210067,3,92.0,-0.04667492
00-0033108,2017,P.Lynch,-0.2627715782020093,0.2009716909085,5,54.0,-0.47946578
00-0033111,2016,P.Cooper,-7.738073208620388,0.14916330304908842,1,1.0,-7.610064
00-0033119,2016,J.Brissett,-0.11538653008179367,0.3786846764607844,3,61.0,-0.13667457
00-0033119,2017,J.Brissett,-0.09457625706360735,0.18309796990782992,19,522.0,-0.031802967
00-0033119,2018,J.Brissett,-0.06511327747345293,0.17394467891790275,22,4.0,0.209554
00-0033119,2019,J.Brissett,-0.05744720166658073,0.150706629835672,37,475.0,0.03461133
00-0033119,2020,J.Brissett,-0.21677169639968744,0.14717618813899014,42,10.0,-0.92865354
00-0033119,2021,J.Brissett,-0.18344152220090504,0.14354289353554336,50,245.0,-0.010576874
00-0033119,2022,J.Brissett,-0.26440049954644673,0.14072063179954092,62,395.0,-0.24749692
00-0033119,2023,J.Brissett,-0.2022141718952638,0.14043232580013465,64,23.0,0.7386204
00-0033119,2024,J.Brissett,-0.2481154544408529,0.1396755242774229,71,180.0,-0.3150973
00-0033119,2025,J.Brissett,-0.24876972515512039,0.13937567606857362,75,125.0,-0.10592286
00-0033132,2018,K.Byard,7.789388990964272,0.14916330304908842,1,1.0,7.646471
00-0033251,2019,Z.Pascal,-0.728850622216361,0.14916330304908842,1,1.0,-0.7042251
00-0033251,2020,Z.Pascal,-0.6783915472412527,0.10624169930569174,2,1.0,-0.5561132
00-0033275,2020,P.Walker,-0.6096522847611571,0.1987504107967341,4,60.0,-0.62627465
00-0033275,2021,P.Walker,-0.4673113622873932,0.13748554707687383,9,74.0,-0.2644768
00-0033275,2022,P.Walker,-0.43244565515400973,0.11273580102975156,15,113.0,-0.3136345
00-0033275,2023,P.Walker,-0.3950222713120761,0.10338277925887311,20,122.0,-0.32232824
00-0033280,2018,C.McCaffrey,0.9983622579047142,1.3021939916997467,1,1.0,6.5492015
00-0033280,2019,C.McCaffrey,0.5243535809808385,1.1419134786439942,3,2.0,-0.95760745
00-0033280,2022,C.McCaffrey,0.7381691242069932,1.029987926744001,5,2.0,1.6169031
00-0033307,2021,K.Bourne,2.103673721303632,0.14916330304908842,1,1.0,2.347831
00-0033307,2024,K.Bourne,0.46346036897014065,0.10624169930569174,2,1.0,-1.3199655
00-0033319,2018,N.Mullens,0.06484466192918079,0.25339697813081347,8,292.0,0.15144782
00-0033319,2020,N.Mullens,-0.025333054062987297,0.19035002391453468,18,347.0,-0.00095334183
00-0033319,2021,N.Mullens,-0.025473562395113416,0.1874859504545054,19,30.0,0.07215539
00-0033319,2022,N.Mullens,0.029018407194202178,0.17877235005664893,23,25.0,0.28823853
00-0033319,2023,N.Mullens,0.021390724253366328,0.1720349356968011,28,160.0,0.072100684
00-0033319,2024,N.Mullens,0.2604058711150211,0.17017840444087776,30,2.0,2.434363
00-0033357,2018,T.Hill,-0.4340024102048693,0.5347865126170332,7,9.0,-0.38929036
00-0033357,2019,T.Hill,-0.2887009557220352,0.4158693061731492,14,8.0,0.004260642
00-0033357,2020,T.Hill,-0.42437143683844536,0.338662115082161,25,136.0,-0.43269932
00-0033357,2021,T.Hill,-0.2861098209966169,0.30905502061017187,34,143.0,0.17884928
00-0033357,2022,T.Hill,-0.024063511647296566,0.2896618360347321,45,21.0,0.7439648
00-0033357,2023,T.Hill,-0.03770777909675371,0.2808511406290156,54,13.0,0.0875543
00-0033357,2024,T.Hill,-0.10495687213414215,0.2787735070838836,57,4.0,-0.75582725
00-0033357,2025,T.Hill,-0.07051689689937829,0.2775679793868821,59,2.0,0.54511523
00-0033400,2017,M.Haack,-1.232727385492919,0.14916330304908842,1,1.0,-1.320962
00-0033400,2019,M.Haack,-0.60065763895338,0.08770330050745664,3,2.0,-0.29237115
00-0033466,2020,I.McKenzie,2.141839359988364,0.14916330304908842,1,1.0,2.2947237
00-0033537,2017,D.Watson,-0.044145555065773924,0.12365355657964852,7,226.0,0.07323162
00-0033537,2018,D.Watson,-0.018114910737568757,0.09018792593141972,24,620.0,0.09732608
00-0033537,2019,D.Watson,0.03773868610265978,0.08837519801994469,41,629.0,0.15561086
00-0033537,2020,D.Watson,0.10000855198410913,0.08825811687607259,57,597.0,0.22574021
00-0033537,2022,D.Watson,-0.009651767161873883,0.08825205408224139,63,190.0,-0.10618106
00-0033537,2023,D.Watson,-0.1459694589216688,0.0882497305294876,69,188.0,-0.24550474
00-0033537,2024,D.Watson,-0.21565452566193638,0.08824875826103393,76,250.0,-0.20001137
00-0033550,2022,D.Webb,0.059448216991685524,0.14916330304908842,1,41.0,-0.06008111
00-0033555,2022,M.Hollins,-0.09269029189498224,0.14916330304908842,1,1.0,0.051149596
00-0033556,2017,T.Cohen,1.3548702594693403,0.10624169930569174,2,2.0,1.5346329
00-0033556,2018,T.Cohen,1.8831592880546268,0.08770330050745664,3,1.0,3.1576967
00-0033557,2023,J.Reeves-Maybin,3.9638030197744114,0.14916330304908842,1,1.0,4.1430035
00-0033572,2020,J.Agnew,-0.3791417969673444,0.14916330304908842,1,1.0,-0.4681625
00-0033662,2017,C.Rush,-0.8108793262108624,0.4088340394076596,2,3.0,-1.299511
00-0033662,2021,C.Rush,-0.08425789671697351,0.2697867876833101,6,50.0,0.61901414
00-0033662,2022,C.Rush,-0.22117667736660296,0.19085179786693213,14,169.0,-0.21663047
00-0033662,2023,C.Rush,-0.3580935919411462,0.16514093002687522,21,25.0,-0.46131825
00-0033662,2024,C.Rush,-0.2849714203762308,0.14751867622113377,32,322.0,-0.1376416
00-0033662,2025,C.Rush,-0.28360735808991944,0.14494413399308617,35,53.0,-0.36481953
00-0033681,2021,K.Cole,-1.0039708118676514,0.14916330304908842,1,1.0,-0.7408588
00-0033733,2020,G.Ward,0.7078786257690797,0.14916330304908842,1,1.0,0.86806905
00-0033733,2021,G.Ward,-0.9665304959119909,0.08770330050745664,3,2.0,-1.6769146
00-0033787,2019,J.Elliott,-2.3427884623316606,0.14916330304908842,1,1.0,-2.4030688
00-0033839,2018,D.Westbrook,-0.7000848658542543,0.14916330304908842,1,1.0,-0.46382263
00-0033856,2021,L.Fournette,-0.855304362986812,0.14916330304908842,1,1.0,-0.66330147
00-0033856,2022,L.Fournette,-2.8910270214909923,0.10624169930569174,2,1.0,-4.7260165
00-0033858,2023,J.Smith,-1.0904074644383368,0.14916330304908842,1,1.0,-0.86183035
00-0033869,2017,M.Trubisky,-0.13018994401795744,0.24830219956253452,12,362.0,-0.13744526
00-0033869,2018,M.Trubisky,-0.03218286116658571,0.18730111561633725,27,508.0,0.13691902
00-0033869,2019,M.Trubisky,-0.062072470787347914,0.17004111228439722,42,555.0,-0.04847019
00-0033869,2020,M.Trubisky,-0.03721678068901994,0.1654750960400899,52,346.0,0.07695614
00-0033869,2021,M.Trubisky,-0.01136366357584332,0.1643658817787884,56,8.0,0.24173263
00-0033869,2022,M.Trubisky,-0.010137721598844966,0.16302149005661246,63,192.0,0.10333615
00-0033869,2023,M.Trubisky,-0.028313795687783878,0.16238393050458766,68,115.0,-0.10309593
00-0033869,2024,M.Trubisky,0.1536178165828782,0.16192827741941548,73,26.0,1.1527895
00-0033869,2025,M.Trubisky,0.17873508503074068,0.16178469034240883,75,6.0,0.7211553
00-0033873,2017,P.Mahomes,0.19888869519204777,0.23425377581243412,1,37.0,0.2132129
00-0033873,2018,P.Mahomes,0.21702095637011587,0.07138318138189936,19,687.0,0.36024
00-0033873,2019,P.Mahomes,0.18613135194235028,0.06785686987980093,36,620.0,0.28130883
00-0033873,2020,P.Mahomes,0.16771870121685836,0.06760346046170317,54,734.0,0.29436782
00-0033873,2021,P.Mahomes,0.12145322368008213,0.06758736058645647,74,819.0,0.23046124
00-0033873,2022,P.Mahomes,0.150194013441996,0.06758662063660374,94,780.0,0.30080885
00-0033873,2023,P.Mahomes,0.059637953116155364,0.06758658662479607,114,778.0,0.12900919
00-0033873,2024,P.Mahomes,0.057581014068648614,0.0675865850739748,133,717.0,0.09748735
00-0033873,2025,P.Mahomes,0.08540507841692067,0.06758658500808572,142,335.0,0.2099181
00-0033891,2018,Z.Jones,-1.5007380589002102,0.14916330304908842,1,1.0,-1.4740564
00-0033891,2020,Z.Jones,0.3248456099063062,0.10624169930569174,2,1.0,2.2214208
00-0033893,2022,D.Cook,-6.938365452005176,0.14916330304908842,1,1.0,-6.8878922
00-0033897,2021,J.Mixon,1.75301290959269,0.14916330304908842,1,1.0,1.8504547
00-0033897,2024,J.Mixon,0.41047148100867026,0.10624169930569174,2,1.0,-0.726146
00-0033899,2017,D.Kizer,-0.2644346966219539,0.09207718387657314,15,514.0,-0.21993133
00-0033899,2018,D.Kizer,-0.32214966430631764,0.08886511549715717,17,46.0,-0.69601274
00-0033906,2019,A.Kamara,0.910016354262124,0.14916330304908842,1,1.0,0.9648147
00-0033908,2017,C.Kupp,-0.21484653929831304,1.134869003348569,1,1.0,-0.39829582
00-0033908,2019,C.Kupp,-0.4982445849030832,0.9752024883391858,2,1.0,-1.3150116
00-0033908,2021,C.Kupp,-0.7063320258161652,0.7911032062144872,4,2.0,-0.95888495
00-0033908,2022,C.Kupp,-0.7064709418913675,0.7315754192802094,5,1.0,-0.46752027
00-0033908,2025,C.Kupp,-1.322929775066046,0.6840778101925207,6,1.0,-5.3701663
00-0033921,2023,C.Godwin,-0.9086872131243896,0.14916330304908842,1,1.0,-0.71117306
00-0033923,2019,K.Hunt,-1.3248732358149264,0.14916330304908842,1,1.0,-1.2235224
00-0033936,2017,C.Beathard,-0.14391668618747663,0.19959200474082436,6,243.0,-0.09599706
00-0033936,2018,C.Beathard,-0.16029837219916385,0.15327205275058334,11,189.0,-0.11840272
00-0033936,2020,C.Beathard,-0.11681565411818484,0.12911140267042878,17,114.0,-0.024532175
00-0033936,2021,C.Beathard,-0.05105287056246248,0.1265175627539431,18,2.0,0.91452724
00-0033936,2022,C.Beathard,-0.16514511266140017,0.12209214552831052,20,12.0,-1.1094686
00-0033936,2023,C.Beathard,-0.14135288429527093,0.11424081340535779,25,60.0,-0.022851786
00-0033949,2018,J.Dobbs,-0.08161600135636221,0.4090051031737633,3,12.0,0.038726687
00-0033949,2020,J.Dobbs,-0.16906172877879444,0.3704141795519648,4,5.0,-0.5246176
00-0033949,2022,J.Dobbs,-0.1818755992361192,0.31822779182539085,6,74.0,-0.11111702
00-0033949,2023,J.Dobbs,-0.2559419762848118,0.20118349660830084,19,450.0,-0.17426491
00-0033949,2024,J.Dobbs,-0.19572628536108003,0.19393114802278627,21,49.0,0.3778564
00-0033949,2025,J.Dobbs,-0.15312575564630715,0.18780127421641601,23,2.0,0.46015263
00-0033958,2017,N.Peterman,-0.4489840616696546,0.24417785613889598,5,52.0,-0.49601158
00-0033958,2018,N.Peterman,-0.41363821660801414,0.18688255145618438,9,89.0,-0.5421811
00-0033958,2020,N.Peterman,-0.4153501955778729,0.1783811046975155,10,7.0,-0.5036501
00-0033958,2022,N.Peterman,-0.37645331639490714,0.1594976020334511,13,26.0,-0.3915824
00-0033958,2023,N.Peterman,-0.3527292017019267,0.1547526464893521,14,1.0,-0.09442649
00-0034052,2021,B.Zylstra,-1.3767486878679596,0.14916330304908842,1,1.0,-1.3167127
00-0034064,2018,C.Wadman,3.413141901643175,0.14916330304908842,1,1.0,3.3937395
00-0034064,2019,C.Wadman,0.14467820380102436,0.10624169930569174,2,1.0,-3.1850805
00-0034162,2018,J.Scott,-0.8110217515068473,0.14916330304908842,1,1.0,-0.6521801
00-0034162,2020,J.Scott,-0.8614865230914468,0.10624169930569174,2,1.0,-0.947
00-0034162,2024,J.Scott,-1.5020185473965335,0.08770330050745664,3,1.0,-2.7066064
00-0034177,2019,T.Boyle,-0.10419688482201844,0.45944638304791907,1,4.0,-0.11360518
00-0034177,2020,T.Boyle,-0.8712020605101898,0.3437339664821028,2,1.0,-2.061416
00-0034177,2021,T.Boyle,-0.4247491273904349,0.22676835590811598,5,95.0,-0.102627516
00-0034177,2022,T.Boyle,-0.448239400106461,0.2085158807312656,6,9.0,-0.60627544
00-0034177,2023,T.Boyle,-0.4225686660763613,0.1735960491965179,9,86.0,-0.36808982
00-0034177,2024,T.Boyle,-0.38422089013975497,0.15343932680974068,12,52.0,-0.26671052
00-0034253,2018,D.Hilliard,-6.5495007337875455,0.14916330304908842,1,1.0,-6.4183683
00-0034331,2019,J.Samuels,-1.2809798782672681,0.10624169930569174,2,5.0,-1.0430889
00-0034343,2018,J.Rosen,-0.3423535602661788,0.18113968179400708,14,439.0,-0.3235018
00-0034343,2019,J.Rosen,-0.43286201662737245,0.16957729234790767,19,125.0,-0.60868543
00-0034343,2021,J.Rosen,-0.715703501045845,0.16585970551341067,22,11.0,-1.8106909
00-0034348,2019,C.Sutton,2.3407819354545714,0.14916330304908842,1,1.0,2.5538151
00-0034348,2021,C.Sutton,1.6747968122279069,0.10624169930569174,2,1.0,1.001634
00-0034348,2024,C.Sutton,2.732756254234621,0.07714586868743051,4,2.0,3.745369
00-0034353,2018,A.Miller,1.4829539995400591,0.14916330304908842,1,1.0,1.5813229
00-0034369,2018,K.Lauletta,-1.6006955376391474,0.14916330304908842,1,5.0,-1.3410848
00-0034401,2021,M.White,0.009118075951832422,0.7972677522498567,4,137.0,0.11678878
00-0034401,2022,M.White,0.013830045403951132,0.6875575521084939,8,184.0,0.03127139
00-0034401,2023,M.White,-0.4923466244774882,0.6174816354585043,12,6.0,-2.160242
00-0034401,2024,M.White,-0.5022807449935284,0.6037438311871041,13,11.0,-0.65026057
00-0034411,2020,R.Gage,1.022067282089874,0.10624169930569174,2,2.0,1.06815
00-0034412,2019,L.Falk,-0.5686712159826878,0.08770330050745664,3,90.0,-0.5847253
00-0034418,2020,C.Wilson,0.8381599455465072,0.8807484799049221,2,2.0,1.4114702
00-0034418,2021,C.Wilson,1.2712100759952811,0.637864631763239,5,3.0,1.9163465
00-0034418,2022,C.Wilson,0.9022096000997093,0.5932698584127383,6,1.0,-1.2526237
00-0034418,2023,C.Wilson,0.6238409799797239,0.557233303876728,7,1.0,-1.3574524
00-0034418,2024,C.Wilson,0.5786683197769075,0.5021947741567592,9,2.0,0.5756083
00-0034419,2022,B.Berrios,0.9288168851819253,0.14916330304908842,1,1.0,1.1844527
00-0034437,2018,L.Cooke,0.5454733723202565,1.2681037368396382,1,1.0,2.7448695
00-0034437,2019,L.Cooke,0.6972032157958776,1.008192594201825,4,3.0,0.77663726
00-0034437,2023,L.Cooke,0.8949359409421931,0.9519082110913245,5,1.0,2.564376
00-0034438,2020,L.Woodside,1.227347847221938,0.10624169930569174,2,3.0,1.1385218
00-0034438,2023,L.Woodside,0.09870184080694111,0.08770330050745664,3,5.0,-2.0159152
00-0034521,2024,A.Lazard,-1.1286104516151716,0.14916330304908842,1,1.0,-1.0107956
00-0034577,2018,K.Allen,0.24227766849057966,0.24835997643623928,2,31.0,0.47374463
00-0034577,2019,K.Allen,-0.04753302449509381,0.10519001622983237,15,537.0,-0.026111048
00-0034577,2020,K.Allen,-0.04223566252092853,0.09817956689410086,19,96.0,0.08779798
00-0034577,2021,K.Allen,-0.03205947927668289,0.0958175928671615,21,22.0,0.017845541
00-0034577,2022,K.Allen,-0.08564283629290805,0.09397102286364863,23,85.0,-0.4255101
00-0034577,2024,K.Allen,-0.011303969722486831,0.09320192470207919,24,1.0,1.4325529
00-0034613,2023,T.Hudson,-2.2248071805984844,0.14916330304908842,1,1.0,-2.2643816
00-0034721,2018,C.Bojorquez,-2.9827059940605376,0.14916330304908842,1,1.0,-2.9638326
00-0034721,2019,C.Bojorquez,-1.5792266938793984,0.10624169930569174,2,1.0,-0.2105546
00-0034771,2019,M.Rudolph,-0.14648837649122531,0.11599040043116189,10,299.0,-0.03285049
00-0034771,2020,M.Rudolph,-0.1694932659848796,0.10523652411415105,13,45.0,-0.25502208
00-0034771,2021,M.Rudolph,-0.16259306851925953,0.10041717167644887,15,58.0,-0.20902129
00-0034771,2023,M.Rudolph,-0.1680606297658206,0.09293250028391524,20,120.0,-0.13642976
00-0034771,2024,M.Rudolph,-0.11370107869426566,0.08763910042285396,28,240.0,0.007506346
00-0034771,2025,M.Rudolph,-0.11599631494911854,0.08727422954353743,29,2.0,-0.056153588
00-0034775,2021,C.Kirk,2.7650266019925,0.14916330304908842,1,1.0,3.0305774
00-0034775,2022,C.Kirk,1.2699246218088147,0.10624169930569174,2,1.0,-0.3268064
00-0034775,2023,C.Kirk,0.10823017047817574,0.07714586868743051,4,2.0,-0.8782986
00-0034796,2018,L.Jackson,-0.06845368529002617,0.1158113683727459,13,222.0,-0.004363663
00-0034796,2019,L.Jackson,0.16432505459889252,0.09825627688065552,29,489.0,0.38885
00-0034796,2020,L.Jackson,0.049244150894531144,0.09618817822107158,46,462.0,0.12668322
00-0034796,2021,L.Jackson,-0.04040695408660019,0.09598413820465891,58,425.0,0.0025600865
00-0034796,2022,L.Jackson,-0.13266274394519945,0.09594050433232769,70,353.0,-0.04021365
00-0034796,2023,L.Jackson,0.0013788298959184486,0.09592979728418778,88,561.0,0.13449758
00-0034796,2024,L.Jackson,0.21122326080656917,0.09592872251828517,107,550.0,0.39848956
00-0034796,2025,L.Jackson,0.19653223174734308,0.09592867390810894,112,136.0,0.24299507
00-0034827,2020,D.Moore,-0.5178700921993972,0.14916330304908842,1,1.0,-0.40847093
00-0034827,2024,D.Moore,-0.5283872284080865,0.10624169930569174,2,1.0,-0.44727218
00-0034827,2025,D.Moore,0.9317894089623832,0.08770330050745664,3,1.0,3.8681936
00-0034829,2021,M.Gesicki,-0.6862865124198063,0.14916330304908842,1,1.0,-0.58645344
00-0034844,2024,S.Barkley,-1.7623110609639001,0.14916330304908842,1,1.0,-1.6599532
00-0034855,2018,B.Mayfield,0.07953500521350525,0.08821565562829799,14,518.0,0.14857306
00-0034855,2019,B.Mayfield,-0.05236768752994876,0.0778775737685336,30,577.0,-0.030117454
00-0034855,2020,B.Mayfield,0.0620596312961299,0.07685567392776829,48,585.0,0.1844329
00-0034855,2021,B.Mayfield,-0.035655791515980056,0.07678183368456731,62,464.0,0.013960416
00-0034855,2022,B.Mayfield,-0.11750728121502499,0.07677223939225318,74,372.0,-0.113192685
00-0034855,2023,B.Mayfield,0.004206294534787757,0.07677024667735591,93,696.0,0.10582032
00-0034855,2024,B.Mayfield,0.10954611094212063,0.07677011372720595,111,632.0,0.23371574
00-0034855,2025,B.Mayfield,0.08552460440358724,0.0767701061207772,119,289.0,0.12875292
00-0034857,2018,J.Allen,-0.12900934078738513,0.0844711604779547,12,348.0,-0.10012754
00-0034857,2019,J.Allen,-0.1469319485089358,0.07249853465265485,29,550.0,-0.039006546
00-0034857,2020,J.Allen,0.04751478933190974,0.0716472154363649,48,728.0,0.234551
00-0034857,2021,J.Allen,0.09365168568597498,0.0715997670878711,67,740.0,0.19191308
00-0034857,2022,J.Allen,0.002027892273759291,0.07159713382020279,85,690.0,0.14236325
00-0034857,2023,J.Allen,0.009683467183508244,0.0715969603399368,104,678.0,0.15810844
00-0034857,2024,J.Allen,0.1383053998766887,0.07159695061452141,123,587.0,0.27364945
00-0034857,2025,J.Allen,0.09756066943038877,0.07159695020861627,131,243.0,0.19264513
00-0034860,2019,D.Pettis,0.8576279714471605,0.14916330304908842,1,1.0,1.2418056
00-0034860,2021,D.Pettis,0.796438789416437,0.10624169930569174,2,1.0,0.98088473
00-0034869,2018,S.Darnold,-0.019756174284691126,0.12345444266034851,13,445.0,0.009702394
00-0034869,2019,S.Darnold,-0.08581537352108001,0.10320852499363323,26,477.0,-0.020986577
00-0034869,2020,S.Darnold,-0.15427454739684504,0.09920967331325883,38,401.0,-0.19598949
00-0034869,2021,S.Darnold,-0.21741634805572294,0.09819520341623961,50,442.0,-0.1778451
00-0034869,2022,S.Darnold,-0.14651436319655733,0.0980214953343206,56,150.0,0.102107376
00-0034869,2023,S.Darnold,-0.3086602768807767,0.09793302592298508,62,52.0,-0.6347254
00-0034869,2024,S.Darnold,-0.1435049061470919,0.09785323847236625,80,644.0,0.06303348
00-0034869,2025,S.Darnold,-0.0070577037599705225,0.09784601306598084,88,225.0,0.36391795
00-0034899,2020,J.Wolford,-0.20749710430289203,0.432668005471476,2,47.0,-0.14542215
00-0034899,2021,J.Wolford,-0.7774692217380011,0.32196738950844284,4,5.0,-1.3590813
00-0034899,2022,J.Wolford,-0.6532866236899698,0.26842473494392227,6,69.0,-0.28384608
00-0034928,2019,S.Sims,-0.333569048825818,0.14916330304908842,1,1.0,-0.35981807
00-0034941,2019,M.Wishnowsky,-1.0370683391979802,0.14916330304908842,1,1.0,-0.947
00-0034941,2020,M.Wishnowsky,-1.032253266872981,0.10624169930569174,2,1.0,-0.947
00-0034955,2020,B.Rypien,-0.17723291852789802,0.2464440750452786,2,41.0,-0.1250626
00-0034955,2021,B.Rypien,-0.4274526478499329,0.20377567894669585,3,2.0,-1.0295589
00-0034955,2022,B.Rypien,-0.4298426612213374,0.13795273806064448,7,96.0,-0.43984634
00-0034955,2023,B.Rypien,-0.4544913663981086,0.12402075715870488,9,40.0,-0.48480904
00-0034955,2025,B.Rypien,-0.5229711514275097,0.11891422730027823,10,1.0,-1.237878
00-0034959,2019,A.Beck,2.4505504180456024,0.14916330304908842,1,1.0,2.351546
00-0034960,2020,J.Meyers,1.4714028876988283,0.951244436856284,2,2.0,2.815671
00-0034960,2021,J.Meyers,1.3592491570430367,0.8437252261811483,3,2.0,0.89345866
00-0034960,2023,J.Meyers,0.9178102529405434,0.7078150727941177,5,3.0,0.010466814
00-0034960,2024,J.Meyers,0.5679503778762396,0.6613169629755021,6,1.0,-1.5676264
00-0035040,2019,D.Blough,-0.2775348413386652,0.13383201872888442,5,188.0,-0.2402029
00-0035040,2020,D.Blough,-0.35501779741500783,0.12330874872956046,6,11.0,-0.8843108
00-0035040,2021,D.Blough,-0.43102077507291126,0.11533576484825035,7,1.0,-0.93051237
00-0035040,2022,D.Blough,-0.38632004330964975,0.1041284323036735,9,63.0,-0.13578145
00-0035042,2022,J.Gillan,-3.6053587987397178,0.14916330304908842,1,1.0,-3.9164693
00-0035100,2023,J.Browning,-0.09387825833739723,0.12440907024713825,9,268.0,-0.07402341
00-0035100,2025,J.Browning,-0.16348329231887704,0.10823849408249406,13,133.0,-0.31054184
00-0035146,2020,T.McSorley,0.19580326269754889,0.31122375929300583,2,10.0,0.1595396
00-0035146,2022,T.McSorley,-0.2672925951052613,0.17279772459530052,7,87.0,-0.48450547
00-0035156,2021,J.Fox,0.6944974864084399,1.1102137942836388,3,3.0,1.7307863
00-0035156,2022,J.Fox,0.9623901135027629,1.0457807651488464,4,1.0,2.9525986
00-0035156,2024,J.Fox,1.2429615733996724,0.9915719621799909,5,1.0,3.637429
00-0035190,2024,A.Cole,4.290569260090999,0.14916330304908842,1,1.0,4.333918
00-0035228,2019,K.Murray,-0.04293426227436519,0.07198953806021825,16,593.0,0.033269856
00-0035228,2020,K.Murray,-0.0325847616967607,0.06686002118575585,32,587.0,0.072112575
00-0035228,2021,K.Murray,-0.025756029194831553,0.06647827030799498,47,551.0,0.11329017
00-0035228,2022,K.Murray,-0.0030335672634348235,0.06644637669177104,58,421.0,0.045964062
00-0035228,2023,K.Murray,-0.0059690766103502185,0.06644154417414619,66,291.0,-0.022947311
00-0035228,2024,K.Murray,0.01812903385314125,0.06643978851214376,83,571.0,0.14281897
00-0035228,2025,K.Murray,-0.019998785503271096,0.0664397193657882,88,177.0,0.050341766
00-0035232,2019,D.Haskins,-0.2754987746055701,0.14252958648573347,9,235.0,-0.2933496
00-0035232,2020,D.Haskins,-0.2618742983353315,0.11640086793700316,16,262.0,-0.20183842
00-0035250,2023,D.Singletary,1.6322585770714082,0.14916330304908842,1,1.0,1.8422966
00-0035251,2019,W.Grier,-0.9960441333709125,0.10624169930569174,2,58.0,-0.95969605
00-0035264,2019,J.Stidham,-1.2601727430069827,0.5637164161588815,2,5.0,-1.614513
00-0035264,2020,J.Stidham,-0.4944004538312697,0.3464979352269243,7,48.0,-0.07178458
00-0035264,2022,J.Stidham,-0.3729481729708829,0.29869077167382546,10,90.0,-0.059102222
00-0035264,2023,J.Stidham,-0.30653840161801055,0.27736472029938586,12,73.0,0.07364912
00-0035282,2020,E.Stick,-0.43968160492528613,0.18493375074420232,1,1.0,-0.2389741
00-0035282,2023,E.Stick,-0.210970759415204,0.08052745426887783,6,188.0,-0.18071595
00-0035289,2019,G.Minshew,-0.05603410184491832,0.11346858998195843,14,508.0,-0.0176278
00-0035289,2020,G.Minshew,-0.02768327889363007,0.09790719238092725,23,358.0,0.061124444
00-0035289,2021,G.Minshew,-0.028481137481581206,0.09543930640948643,26,66.0,0.08434421
00-0035289,2022,G.Minshew,0.0069217106634893374,0.09318328132670248,30,82.0,0.27724487
00-0035289,2023,G.Minshew,-0.08021673726834458,0.0896658686795979,46,527.0,-0.10093747
00-0035289,2024,G.Minshew,-0.137237570445565,0.08912313779351078,56,336.0,-0.15112872
00-0035290,2020,J.Johnson,3.009259274807769,0.14916330304908842,1,1.0,3.1153674
00-0035297,2019,K.Harmon,0.7719455340851443,0.14916330304908842,1,1.0,0.9028712
00-0035350,2019,P.Williams,-0.9217780946586454,0.14916330304908842,1,1.0,-0.9268505
00-0035510,2020,J.Smith,-2.026990859944048,0.14916330304908842,1,1.0,-1.9228771
00-0035544,2021,T.Kennedy,4.915854467746782,0.14916330304908842,1,1.0,5.069598
00-0035577,2019,D.Hodges,-0.13362302228000666,0.11880161544898386,8,175.0,-0.046907682
00-0035639,2023,P.Campbell,-1.6666342004484005,0.14916330304908842,1,1.0,-1.5267875
00-0035652,2019,R.Finley,-0.5541810258866192,0.23581102415575855,3,98.0,-0.53023475
00-0035652,2020,R.Finley,-0.6912812827398991,0.1589810676112875,7,41.0,-0.7032577
00-0035676,2021,A.Brown,-0.807639595283256,0.10624169930569174,2,2.0,-0.6257292
00-0035685,2021,D.Montgomery,-3.176514012268226,0.14916330304908842,1,1.0,-3.17675
00-0035685,2024,D.Montgomery,-0.32302920424187553,0.08770330050745664,3,2.0,1.3525293
00-0035685,2025,D.Montgomery,0.01449843906493714,0.07714586868743051,4,1.0,1.3730552
00-0035689,2021,D.Knox,0.9408140349906404,0.14916330304908842,1,1.0,1.053
00-0035700,2023,J.Jacobs,-1.2131257032593465,0.14916330304908842,1,1.0,-1.0764066
00-0035704,2019,D.Lock,0.13216302075436667,0.19056462185578676,5,161.0,0.11814034
00-0035704,2020,D.Lock,-0.1003068478453269,0.11298361271202728,18,466.0,-0.1515364
00-0035704,2021,D.Lock,-0.10642628323650265,0.10437847461995112,24,120.0,-0.12281626
00-0035704,2023,D.Lock,-0.123963348459518,0.1010543370663537,28,83.0,-0.13834524
00-0035704,2024,D.Lock,-0.14358376818371094,0.09767453444135066,35,194.0,-0.20299485
00-0035704,2025,D.Lock,-0.16110698235055407,0.09735560707028863,36,3.0,-0.29757428
00-0035710,2019,D.Jones,-0.14037507875605215,0.08703936092468095,13,500.0,-0.07529683
00-0035710,2020,D.Jones,-0.14053570731985554,0.07622898211111898,27,496.0,-0.037583616
00-0035710,2021,D.Jones,-0.11638622988893693,0.07504022879827235,38,384.0,-0.011230122
00-0035710,2022,D.Jones,-0.03829638801795253,0.07476587205837815,56,589.0,0.051585846
00-0035710,2023,D.Jones,-0.1667268139287157,0.0747534330030079,62,191.0,-0.3196312
00-0035710,2024,D.Jones,-0.20246021172642045,0.0747466189164984,72,375.0,-0.09396573
00-0035710,2025,D.Jones,-0.059112863783172716,0.07474511191067948,81,311.0,0.2583614
00-0035719,2021,D.Samuel,0.9058733796587579,0.10624169930569174,2,2.0,1.0088668
00-0035719,2023,D.Samuel,0.39510008475438985,0.08770330050745664,3,1.0,-0.44318777
00-0035719,2024,D.Samuel,-0.2924781948335551,0.07714586868743051,4,1.0,-2.089832
00-0035752,2020,C.Streveler,-0.7244264504551582,0.14916330304908842,1,18.0,-0.74545026
00-0035752,2021,C.Streveler,-0.552596304426671,0.10624169930569174,2,11.0,-0.38695958
00-0035752,2022,C.Streveler,-0.2947620611645378,0.08770330050745664,3,15.0,0.11468404
00-0035831,2020,J.Robinson,-4.169435954193352,0.14916330304908842,1,1.0,-4.408993
00-0035859,2021,B.Gillikin,-2.192634837873893,0.14916330304908842,1,1.0,-2.3642862
00-0035864,2020,K.Hinton,-1.1306490642605955,0.14916330304908842,1,10.0,-1.193054
00-0035864,2021,K.Hinton,-2.075990938467112,0.10624169930569174,2,1.0,-3.1306643
00-0035889,2020,T.Townsend,3.3384420810023303,0.14916330304908842,1,1.0,3.4530158
00-0035889,2021,T.Townsend,3.656933815366768,0.10624169930569174,2,1.0,4.030698
00-0035889,2022,T.Townsend,1.213122777469788,0.08770330050745664,3,1.0,-3.517586
00-0035889,2023,T.Townsend,1.5413452885259564,0.07714586868743051,4,1.0,2.4396408
00-0035939,2022,B.Perkins,-0.7281746189118642,0.08770330050745664,3,40.0,-0.65485954
00-0035993,2020,T.Huntley,-0.2824627899109395,0.4296574892819067,3,19.0,-0.3061511
00-0035993,2021,T.Huntley,-0.25675535959994583,0.2895197030074446,9,208.0,-0.18482673
00-0035993,2022,T.Huntley,-0.1908767627683879,0.23761902972233112,15,150.0,0.0043054647
00-0035993,2023,T.Huntley,0.05498485427544951,0.2180067663468896,19,41.0,0.97284156
00-0035993,2024,T.Huntley,-0.013675962941095509,0.20172542593030005,24,150.0,-0.14798793
00-0035993,2025,T.Huntley,-0.02010344935500655,0.19689071255530022,26,43.0,-0.08020069
00-0036133,2022,J.Proche,-4.072582445061113,0.14916330304908842,1,1.0,-4.0428915
00-0036142,2020,I.Wright,-0.7757508542830109,0.14916330304908842,1,1.0,-0.5597911
00-0036145,2022,L.Cager,-0.7129354072631149,0.14916330304908842,1,1.0,-0.84021217
00-0036197,2021,J.Fromm,-0.5392720059085977,0.08770330050745664,3,66.0,-0.47260013
00-0036212,2020,T.Tagovailoa,-0.12683790173880033,0.10941215926604808,10,313.0,-0.016968258
00-0036212,2021,T.Tagovailoa,-0.14816414163382896,0.08731244452693213,23,410.0,-0.028031118
00-0036212,2022,T.Tagovailoa,0.0011159097616506557,0.08387980547312204,36,422.0,0.20939533
00-0036212,2023,T.Tagovailoa,0.04072401451803337,0.0832065672298709,54,632.0,0.19948989
00-0036212,2024,T.Tagovailoa,0.08099014916217692,0.08315334765117771,65,423.0,0.18719134
00-0036212,2025,T.Tagovailoa,0.018634460945290077,0.08314196030678796,74,290.0,-0.0056614736
00-0036226,2021,J.Eason,-0.6754557390117921,0.14916330304908842,1,5.0,-0.6205086
00-0036226,2022,J.Eason,-0.5610184696755489,0.10624169930569174,2,5.0,-0.45225638
00-0036259,2023,J.Jennings,2.80634056296025,0.14916330304908842,1,1.0,2.9465134
00-0036264,2021,J.Love,-0.11905830101422354,0.14980013732721184,4,66.0,-0.13003138
00-0036264,2022,J.Love,-0.09819423835908998,0.11062200174837125,8,21.0,-0.03686255
00-0036264,2023,J.Love,0.11480157150676872,0.08052529701736089,27,667.0,0.20904692
00-0036264,2024,J.Love,0.089985848286592,0.07883914772259897,43,477.0,0.14842674
00-0036264,2025,J.Love,0.11366912667689744,0.07870315234737618,51,262.0,0.29169467
00-0036275,2021,D.Swift,-1.090233634287032,0.14916330304908842,1,1.0,-0.91251945
00-0036290,2025,C.Kmet,-0.8008285618003191,0.14916330304908842,1,1.0,-0.492736
00-0036309,2024,D.Mooney,-0.5477140596536483,0.14916330304908842,1,1.0,-0.4238182
00-0036312,2020,J.Luton,-0.2893263268166812,0.08755195433886107,3,118.0,-0.31246927
00-0036313,2022,B.Mann,0.49791054070181584,0.10624169930569174,2,2.0,0.44602203
00-0036313,2023,B.Mann,1.735103181175144,0.08770330050745664,3,1.0,4.2093267
00-0036320,2020,J.Charlton,0.7921777054953152,0.10624169930569174,2,2.0,0.728961
00-0036322,2021,J.Jefferson,0.07316132478857584,0.7490229350642201,4,4.0,0.31333396
00-0036322,2022,J.Jefferson,0.08431808112690098,0.6047771191450395,7,3.0,0.22429593
00-0036322,2023,J.Jefferson,-0.010386160161000885,0.5727537572550421,8,1.0,-0.39332578
00-0036322,2024,J.Jefferson,0.29095729711464524,0.5454765341931204,9,1.0,3.0509067
00-0036326,2022,C.Claypool,2.6660364059571853,0.14916330304908842,1,1.0,2.5532115
00-0036355,2020,J.Herbert,0.08177940589497552,0.0833712326181917,15,630.0,0.17196415
00-0036355,2021,J.Herbert,0.09412691092699264,0.07363485006910578,32,710.0,0.17291436
00-0036355,2022,J.Herbert,0.012453356327767007,0.07267001792634845,50,784.0,0.06690105
00-0036355,2023,J.Herbert,-0.07622794634407418,0.0725903193978856,63,486.0,0.009060227
00-0036355,2024,J.Herbert,-0.03797243877199394,0.07257461686172977,81,584.0,0.085305825
00-0036355,2025,J.Herbert,-0.030125888851915604,0.07257350946075859,90,353.0,0.11214925
00-0036358,2020,C.Lamb,-1.477313933263635,0.14916330304908842,1,1.0,-1.2370598
00-0036358,2022,C.Lamb,-1.2182802871566978,0.10624169930569174,2,1.0,-0.947
00-0036364,2020,L.Bowden,0.8364721682887268,0.10624169930569174,2,2.0,0.92533666
00-0036384,2020,B.DiNucci,-0.4544223205487313,0.10624169930569174,2,50.0,-0.49361187
00-0036389,2020,J.Hurts,-0.036982262991339734,0.10596361192796619,9,162.0,0.06439846
00-0036389,2021,J.Hurts,-0.0479974963511023,0.07823837637717132,25,507.0,0.042190213
00-0036389,2022,J.Hurts,-0.006033391545373745,0.07481505773144172,43,590.0,0.13969438
00-0036389,2023,J.Hurts,-0.025952171298787238,0.07442709783381878,61,613.0,0.081943735
00-0036389,2024,J.Hurts,-0.013660486428904273,0.07438149783209284,80,504.0,0.108170845
00-0036389,2025,J.Hurts,0.009530464336614869,0.07437827219714875,88,241.0,0.11768451
00-0036414,2023,C.Akers,-1.6096594434205318,0.14916330304908842,1,1.0,-1.5187925
00-0036414,2025,C.Akers,0.8166256910234815,0.10624169930569174,2,1.0,3.2600105
00-0036425,2022,D.Dallas,-4.987759502853987,0.14916330304908842,1,1.0,-4.8671126
00-0036425,2023,D.Dallas,-2.8941169723373923,0.10624169930569174,2,1.0,-0.51785177
00-0036442,2020,J.Burrow,0.02869309923855142,0.08160503109712605,10,436.0,0.10747492
00-0036442,2021,J.Burrow,0.0567049087434993,0.06585549607502988,30,735.0,0.14189796
00-0036442,2022,J.Burrow,0.05115893012197374,0.06519570825802873,49,772.0,0.15763448
00-0036442,2023,J.Burrow,0.0027269894780935274,0.06516548843349311,59,389.0,0.0077407537
00-0036442,2024,J.Burrow,0.018815124822494096,0.0651576744747267,76,702.0,0.15240249
00-0036442,2025,J.Burrow,0.0044125521592330574,0.06515750739554046,78,41.0,5.9346203e-05
00-0036613,2025,J.Waddle,-0.38485244921609474,0.14916330304908842,1,1.0,-0.5923648
00-0036626,2023,D.Brown,-0.4147111069777509,0.14916330304908842,1,1.0,-0.30589396
00-0036626,2024,D.Brown,-0.5676504456400409,0.10624169930569174,2,1.0,-0.42986038
00-0036825,2021,F.Franks,-3.899061760197165,0.14916330304908842,1,1.0,-3.8404934
00-0036849,2023,T.Atwell,1.034436067554837,0.14916330304908842,1,1.0,1.053
00-0036849,2024,T.Atwell,0.19903822946034033,0.10624169930569174,2,1.0,-0.51110137
00-0036879,2022,S.Ehlinger,-0.29760717505643147,0.07705273822528881,4,115.0,-0.25862753
00-0036880,2024,P.Sewell,-1.161554242085896,0.14916330304908842,1,1.0,-0.9758531
00-0036893,2022,N.Harris,-0.08735500292028084,0.14916330304908842,1,1.0,-0.06479256
00-0036898,2021,D.Mills,-0.1567650337056164,0.1449012131958778,13,426.0,-0.1336358
00-0036898,2022,D.Mills,-0.1815891028212522,0.11170469255294489,28,512.0,-0.13114122
00-0036898,2023,D.Mills,-0.23222700830937176,0.10709505812894522,34,43.0,-0.35748813
00-0036898,2024,D.Mills,-0.21982536826829457,0.10508455617104308,38,38.0,-0.11239714
00-0036898,2025,D.Mills,-0.21260736395177576,0.10430028835726435,40,36.0,0.0023841783
00-0036900,2022,J.Chase,-1.7010021314501163,0.14916330304908842,1,1.0,-1.6040139
00-0036900,2023,J.Chase,-2.0106902226837082,0.10624169930569174,2,1.0,-2.102857
00-0036913,2021,K.Toney,-0.2522585705226402,0.4176724961033033,4,4.0,-0.20709455
00-0036913,2023,K.Toney,-0.31573790675480284,0.37722093668884243,5,1.0,-0.44609344
00-0036919,2023,K.Gainwell,1.0953536398626498,0.14916330304908842,1,1.0,1.2345059
00-0036928,2022,K.Trask,-0.5336393406026116,0.14916330304908842,1,9.0,-0.59250665
00-0036928,2023,K.Trask,-1.151911990785706,0.10624169930569174,2,1.0,-1.8803029
00-0036928,2024,K.Trask,-0.7481959963920142,0.08770330050745664,3,1.0,0.29781094
00-0036929,2021,I.Book,-1.178576170814904,0.14916330304908842,1,28.0,-1.0617789
00-0036945,2021,J.Fields,-0.23664295959038895,0.10224053687588751,12,306.0,-0.18306763
00-0036945,2022,J.Fields,-0.22612927705287714,0.08272404274440968,27,377.0,-0.17785114
00-0036945,2023,J.Fields,-0.18239479099691533,0.07986642246641257,40,416.0,-0.11139119
00-0036945,2024,J.Fields,-0.21086925343529708,0.07937756297164489,48,179.0,-0.16751888
00-0036945,2025,J.Fields,-0.21842882606964242,0.07919870143864743,55,193.0,-0.14331785
00-0036946,2021,K.Mond,-0.5488739517102976,0.14916330304908842,1,3.0,-0.5858509
00-0036963,2023,A.St. Brown,-2.265565541378499,0.14916330304908842,1,1.0,-1.9745742
00-0036963,2024,A.St. Brown,-0.3375012055412787,0.10624169930569174,2,1.0,1.724116
00-0036971,2021,T.Lawrence,-0.12836686024676972,0.06827175593591701,17,639.0,-0.09021949
00-0036971,2022,T.Lawrence,0.008564872395334178,0.06468047411152571,36,708.0,0.10616409
00-0036971,2023,T.Lawrence,-0.03843353678056109,0.06454789083397651,52,602.0,0.012448076
00-0036971,2024,T.Lawrence,-0.03554888290340673,0.06454034396902929,62,306.0,0.011881876
00-0036971,2025,T.Lawrence,-0.07244585626269914,0.06453909928503707,70,315.0,-0.025636485
00-0036972,2021,M.Jones,0.03453126159316964,0.09346201312809191,18,592.0,0.103393845
00-0036972,2022,M.Jones,-0.1394198269223891,0.08810860008211449,32,480.0,-0.119698666
00-0036972,2023,M.Jones,-0.22939334045299725,0.0875266786844574,43,368.0,-0.18532653
00-0036972,2024,M.Jones,-0.18381916991954578,0.0874199874896181,53,279.0,-0.16839282
00-0036972,2025,M.Jones,-0.09109595241574667,0.08740013981622258,60,267.0,0.11334833
00-0037012,2021,T.Lance,0.36580186706043566,0.24279641579805478,4,75.0,0.42510024
00-0037012,2022,T.Lance,0.14392793308571103,0.20225517682211286,6,33.0,-0.25260076
00-0037012,2024,T.Lance,-0.04300425552857912,0.17006711281012066,9,45.0,-0.4007257
00-0037012,2025,T.Lance,-0.08647027907194273,0.16306550224589497,10,5.0,-0.2841834
00-0037013,2021,Z.Wilson,-0.22891010474371756,0.17085481437556874,13,430.0,-0.20859745
00-0037013,2022,Z.Wilson,-0.22203937049947942,0.14508243705654336,22,265.0,-0.16083696
00-0037013,2023,Z.Wilson,-0.2630398110602086,0.13407712611506345,34,416.0,-0.28717422
00-0037013,2025,Z.Wilson,-0.42127235864964074,0.1332314056512659,36,9.0,-1.8050997
00-0037077,2022,S.Howell,-0.4669151666538772,0.3013054140241948,1,22.0,-0.339172
00-0037077,2023,S.Howell,-0.3266726963245125,0.09737312282143737,18,679.0,-0.207479
00-0037077,2024,S.Howell,-0.3676575453722154,0.09654831976130183,19,18.0,-0.86516213
00-0037175,2022,A.Brown,-0.42915600947214233,0.10624169930569174,2,54.0,-0.28142506
00-0037238,2023,D.London,1.8471757067113295,0.14916330304908842,1,1.0,1.8440146
00-0037239,2025,C.Olave,-3.5092661655875386,0.14916330304908842,1,1.0,-3.595132
00-0037240,2024,Ja.Williams,-4.618854843582388,0.14916330304908842,1,1.0,-4.441427
00-0037276,2024,T.Chandler,-0.7839994305086003,0.14916330304908842,1,1.0,-0.59849167
00-0037304,2023,Co.Heyward,-0.502681577664346,0.14916330304908842,1,1.0,-0.25261006
00-0037324,2024,C.Oladokun,-1.234629546651154,0.14916330304908842,1,1.0,-1.3898326
00-0037327,2022,S.Thompson,-0.4870371634181094,0.3293245182590856,8,161.0,-0.47159776
00-0037327,2024,S.Thompson,-0.4635459939685667,0.29890416187568486,10,39.0,-0.39485395
00-0037500,2022,R.Wright,-0.23452995074276917,0.10624169930569174,2,2.0,-0.20460665
00-0037740,2022,G.Wilson,-0.5645267192305081,0.14916330304908842,1,1.0,-0.4925385
00-0037740,2023,G.Wilson,-0.5896234809272237,0.10624169930569174,2,1.0,-0.4334826
00-0037816,2023,R.Doubs,-0.8928964460565341,0.14916330304908842,1,1.0,-0.947
00-0037834,2022,B.Purdy,0.030269191444205007,0.11044213353267578,10,249.0,0.12907009
00-0037834,2023,B.Purdy,0.14696597058488914,0.08226324969865512,29,584.0,0.31120268
00-0037834,2024,B.Purdy,0.10386605582724233,0.07977170024617596,44,487.0,0.16292912
00-0037834,2025,B.Purdy,0.10462227875299088,0.07966030972058986,46,76.0,0.22728688
00-0038102,2022,K.Pickett,-0.19596347608279358,0.1727471571454811,13,418.0,-0.13799694
00-0038102,2023,K.Pickett,-0.18604041878406496,0.13938780639605156,25,348.0,-0.12036116
00-0038102,2024,K.Pickett,-0.35744487170757794,0.13380489593903813,30,47.0,-0.7542347
00-0038102,2025,K.Pickett,-0.3544189594290617,0.13296451602031173,31,2.0,-0.37678072
00-0038108,2022,B.Zappe,-0.031360353276381356,0.15127225896854715,4,98.0,0.042945184
00-0038108,2023,B.Zappe,-0.2938115243596985,0.09177204141507037,14,237.0,-0.36118594
00-0038108,2024,B.Zappe,-0.31012811977489796,0.09011780316517104,15,32.0,-0.52652514
00-0038115,2023,D.Bellinger,-0.8644406368523095,0.14916330304908842,1,1.0,-0.947
00-0038120,2025,B.Hall,0.7535793109491395,0.14916330304908842,1,1.0,1.1945616
00-0038122,2022,D.Ridder,-0.02717484713291439,0.16497287534972105,4,124.0,0.029515378
00-0038122,2023,D.Ridder,-0.15747655513669323,0.0893110093975457,19,422.0,-0.10053646
00-0038122,2024,D.Ridder,-0.1765963047049296,0.08504003795464399,24,95.0,-0.18960956
00-0038128,2022,M.Willis,-0.4090122143378434,0.22344301598874824,6,71.0,-0.517648
00-0038128,2023,M.Willis,-0.3598430599575159,0.20898957865100723,7,9.0,-0.0075863334
00-0038128,2024,M.Willis,-0.023392030362885837,0.16408569410682433,13,63.0,0.39407286
00-0038391,2023,S.Clifford,2.0701585051271554,0.14916330304908842,1,1.0,2.143627
00-0038393,2023,D.Wicks,0.8250394483922153,0.14916330304908842,1,1.0,0.8892823
00-0038400,2024,T.McKee,0.7817687214842943,0.10624169930569174,2,47.0,0.98252714
00-0038416,2023,T.Bagent,-0.3249247211651468,0.25235480252784515,5,149.0,-0.26887292
00-0038416,2024,T.Bagent,-0.20212307951365627,0.21736175809117378,7,2.0,0.15943375
00-0038416,2025,T.Bagent,0.018660270822532368,0.1952034557699416,9,4.0,0.85378575
00-0038476,2023,T.DeVito,-0.33492785811215964,0.0974394868099576,9,215.0,-0.29461703
00-0038476,2024,T.DeVito,-0.2979359163224671,0.09110227434096868,11,50.0,-0.1473274
00-0038543,2024,J.Smith-Njigba,2.0026797406224253,0.14916330304908842,1,1.0,2.2436094
00-0038550,2024,H.Hooker,-0.623228486527865,0.08770330050745664,3,10.0,-0.3314131
00-0038579,2023,A.O'Connell,-0.10872712231369261,0.09375834882793539,11,368.0,-0.03912732
00-0038579,2024,A.O'Connell,-0.07744730532005302,0.07954788592629775,20,255.0,-0.002230823
00-0038582,2023,C.Tune,-1.4924535363591227,0.10624169930569174,2,28.0,-1.597065
00-0038582,2024,C.Tune,-1.260797179141445,0.08770330050745664,3,2.0,-0.5640093
00-0038583,2023,D.Thompson-Robinson,0.04349615952632757,0.3492759102516065,6,119.0,0.06531376
00-0038583,2024,D.Thompson-Robinson,-0.2766067222841059,0.25899709775793583,12,126.0,-0.54633033
00-0038598,2023,J.Hall,-0.37766394670551107,0.08770330050745664,3,24.0,-0.2844314
00-0038911,2023,M.Cunningham,-1.4384338134178287,0.14916330304908842,1,1.0,-1.2853723
00-0038977,2023,N.Dell,-0.98075643405881,0.14916330304908842,1,1.0,-0.7774167
00-0038998,2024,J.Haener,-0.44266209250635447,0.3416929984872418,6,45.0,-0.38500544
00-0039040,2023,D.Achane,-1.5495771361727047,0.14916330304908842,1,1.0,-1.4337288
00-0039150,2023,B.Young,-0.3055591598860897,0.08764184068573809,16,590.0,-0.26513073
00-0039150,2024,B.Young,-0.1788101211135011,0.07978664251555653,30,414.0,-0.13390078
00-0039150,2025,B.Young,-0.19864910483887846,0.07895191667782829,38,256.0,-0.10847747
00-0039152,2023,W.Levis,-0.21907936139513767,0.14563395157678424,9,284.0,-0.14855847
00-0039152,2024,W.Levis,-0.274470672838436,0.10805704164276775,21,344.0,-0.25306305
00-0039163,2023,C.Stroud,0.029186226525511755,0.0853932994601083,17,595.0,0.12791108
00-0039163,2024,C.Stroud,-0.04502116233490895,0.07749408745044707,36,656.0,0.009453204
00-0039163,2025,C.Stroud,-0.0046585770324919645,0.07706665994696996,44,262.0,0.123478666
00-0039164,2023,A.Richardson,0.09587352565119071,0.19729091453347786,4,93.0,0.11982261
00-0039164,2024,A.Richardson,-0.04724679494994157,0.1125227187396392,15,279.0,-0.028720943
00-0039164,2025,A.Richardson,-0.1091225998874118,0.11021607535612377,16,2.0,-0.60581
00-0039337,2024,M.Nabers,-1.0745152225315582,0.14916330304908842,1,1.0,-0.96373236
00-0039376,2024,S.Rattler,-0.29387254751021585,0.09213616667332865,7,251.0,-0.26869246
00-0039376,2025,S.Rattler,-0.21253430759379335,0.07284321806863445,15,274.0,-0.08215538
00-0039398,2024,J.Milton,0.4079655841466977,0.14916330304908842,1,29.0,0.40657642
00-0039398,2025,J.Milton,0.5975605605566416,0.08770330050745664,3,9.0,0.6441037
00-0039491,2024,J.Coker,1.1582541405585576,0.14916330304908842,1,1.0,1.3107094
00-0039732,2024,B.Nix,0.003939411232351388,0.08605895798544952,18,616.0,0.04261658
00-0039732,2025,B.Nix,0.01928975393678549,0.08170400980043861,27,336.0,0.10787176
00-0039750,2025,J.Karty,-2.850713755903279,0.14916330304908842,1,1.0,-2.9846408
00-0039851,2024,D.Maye,-0.27752350752902966,0.13002365885793346,13,375.0,-0.2161684
00-0039851,2025,D.Maye,-0.021924229055722944,0.11358938074507116,22,289.0,0.35473955
00-0039890,2024,A.Mitchell,2.2231353802777187,0.14916330304908842,1,1.0,2.445659
00-0039910,2024,J.Daniels,0.002715667646134009,0.09160305508199679,20,650.0,0.107472554
00-0039910,2025,J.Daniels,-0.007979372830615544,0.08698006771947182,26,186.0,0.052212
00-0039916,2024,R.Pearsall,-0.5728649430955653,0.14916330304908842,1,1.0,-0.5309751
00-0039917,2024,M.Penix,0.3545573674810356,0.2354151112047254,5,109.0,0.42061034
00-0039917,2025,M.Penix,0.07998873079049644,0.1618399973731885,12,242.0,0.023047388
00-0039918,2024,C.Williams,-0.09933397345925983,0.08169306193064413,17,640.0,-0.06465598
00-0039918,2025,C.Williams,-0.056267700933529466,0.07726409420159541,25,274.0,0.122813895
00-0039923,2025,J.McCarthy,-0.5079781568380213,0.08770330050745664,3,82.0,-0.4351193
00-0040128,2025,T.Warren,-0.6498095601633636,0.14916330304908842,1,1.0,-0.46532738
00-0040206,2025,R.Leonard,-1.1584062512589621,0.14916330304908842,1,2.0,-1.0581032
00-0040234,2025,Q.Ewers,-0.056005987444446424,0.14916330304908842,1,10.0,-0.30399087
00-0040494,2025,M.Brosmer,-0.596756638984658,0.10624169930569174,2,8.0,-0.47921944
00-0040676,2025,C.Ward,-0.26610749545216966,0.06148398667540885,9,333.0,-0.25709608
00-0040691,2025,J.Dart,0.017795582755939003,0.10457160183423837,6,195.0,0.029136976
00-0040704,2025,D.Gabriel,-0.14159935506350846,0.2886013563227358,6,154.0,-0.14510502
00-0040743,2025,T.Shough,-0.41712738889321127,0.08770330050745664,3,59.0,-0.4537398
